input,course,feeling,wordlimit,output
請生成觀光休閒產業分析課程的正面心得並限制在88字內,觀光休閒產業分析,正面,88,上完這學期的課讓我更加了解台灣觀光產業的發展，其中也有邀請一位講師到我們課堂中做講說，讓我們能更加深入其境，站在講者的角度去做思考所以我覺得這門課很推薦大家來修，肯定不會後悔。
請生成體適能課程的正面心得並限制在84字內,體適能,正面,84,在這堂課有時候要到其他地方，像中正紀念堂，大安森林公園等，有點小麻煩，但老師人很好，基本上給分超甜，只要作業記得交，就算忘記也有補教時間，上課也不會太累，稍微輕鬆的運動
請生成邏輯思考與應用課程的負面心得並限制在80字內,邏輯思考與應用,負面,80,老師有點爭議，上課會講一些歧視女性的話，會介意的不要選，期中期末考都是線上考，可以自由組隊，大家一起完成一份，會給例題及範例，題目都從裡面出，不會很難，都查得到
請生成籃球初級課程的負面心得並限制在79字內,籃球初級,負面,79,老師會在你考試時跟別人聊天，故考試時要注意自己的表現，不要因為這種理由浪費考試次數。不記得自己的成績請謊報，你老實說不記得他不會讓你補回考試次數。(親身經歷)
請生成籃球初級課程的正面心得並限制在186字內,籃球初級,正面,186,每次都會分組進行比賽，每個人都要輪流上場。分組後，老師會規定每個人在籃球比賽中，一定要有自己的角色，像是球員、教練、搬器材的人......等。 印象中還要繳交2-3次影片作業，錄自己的投籃動作看看還有哪裡可以改進之類的，學期末要交一篇看籃球比賽的心得。 應該算是有交作業分數就不會太差的課！而且那時候還有免費送籃球比賽的門票~~~感覺對喜歡看籃球比賽的人來說蠻有吸引力的！
請生成籃球(上)課程的正面心得並限制在86字內,籃球(上),正面,86,老師人超好，整體是很扎實的籃球課程，可以將籃球基礎不管是觀念還是動作訓練起來，並且也可以跟老師討論很多球場上更或者是球場下的道理。平常上完課可以打五打五的對打訓練，很有趣。
請生成籃球(上)課程的正面心得並限制在82字內,籃球(上),正面,82,上了許多堂不同老師的籃球課，個人最喜歡陳老師開的，因為他會隨機分組進行五打五全場（男女混合）還蠻有趣的，雖然對一開始比較對籃球沒概念的同學來說可能偏累而且老師較嚴格
請生成魏晉史課程的正面心得並限制在106字內,魏晉史,正面,106,學妹，放心。有聽課，春盛公的報告跟考試不會太難。預備讀物就是里仁書局出版的《魏晉南北朝史》。大致而言，能夠理解該時期不是「黑暗時期」跟「合久必分」；南朝的僑姓、吳姓之別，以及北魏孝文帝「漢化」是躁進，這些是重點。
請生成職場倫理與職場精神課程的正面心得並限制在89字內,職場倫理與職場精神,正面,89,有不定的方式確認出席，比方偶爾在課上寫學習單、很偶爾上課點名回答問題、不定時的小組討論並上傳答案至ntu cool討論區、以及每週都有的課後問題，通常要有PPT或板書才有辦法回答
請生成韓語(一)課程的正面心得並限制在129字內,韓語(一),正面,129,這堂課基本上教的東西蠻基礎的，而且通識課選修的人很多，教室常常人多到坐不下，老師會有下講台一個一個跟你練習對話，所以基本上進度非常緩慢，但對於沒學過的人來說應該不錯~ 如果已經學會40音、或是已經有一些基礎的人，建議可以去修師大韓語學程的課！韓國老師上課讚！
請生成韓文閱讀與寫作課程的正面心得並限制在116字內,韓文閱讀與寫作,正面,116,本課程加強初中級學習者的閱讀與寫作能力為學習目標，多練習寫日記、寫自傳、寫書信和電子郵件、遊記、韓文隨筆。透過閱讀韓國優秀文學作品、傳統故事、新聞報導等，多認識韓國文化。可以學習韓語格式體和非格式體的寫作方式以及書面語的詞彙和文法。
請生成環境與傳播課程的正面心得並限制在121字內,環境與傳播,正面,121,教授會請一些人人來演講，如畢業的學姐也是修了這門課程未來走新聞業、教授的朋朋等等，好像都有提問環節問東西都會認真回復，如果缺這個領域的通識課我個人覺得就可以選這門課程，不會有很大負擔，而且沒有考試，可以學到東西，是一門可以涼也可以嚴肅的課程。
請生成戲劇鑑賞課程的正面心得並限制在73字內,戲劇鑑賞,正面,73,他上課很有內容，可以學很多東西啦！可是分數給的普普通通，不高不低這樣。但是如果真心想要學東西，真的會從老師身上獲得很多！所以還是蠻推薦這位老師的！
請生成諮商技術課程的正面心得並限制在62字內,諮商技術,正面,62,諮商技術羅惠群推爆！！！！！他思想很開放，很會批判性思考，而且講話也超級直接，很多大實話你是不會從師大其他老師口中聽得到的。
請生成機率課程的正面 心得並限制在82字內,機率,正面 ,82,課程開始時，我們深入研究了樣本空間、事件、條件機率等基本概念，隨機變數與分佈讓我學習了隨機變數的概念，以及不同機率分佈的特性，這使我更好的理解在現實中所遇到的問題。
請生成機率課程的負面心得並限制在235字內,機率,負面,235,上完這堂課後，我發現我沒學到甚麼東西，就算有也不是這個老師的功勞，這位老師實在是非常不會教書，我只能建議大家如果有修到這位老師的課盡量退選改加簽其他班。印象最深刻的是班平均只有30分，這已經不是學生的問題，而是這位老師擺明就是來考倒學生的，我認為這種老師的出現對於GPA來說是十分不公平的，因為他壓根就沒想給高分。甚至同學考試成績太差去補考，補考完後的總成績竟然比沒補考的人高，這件事當時也鬧得很大，搞得系主任都要出來協調，因此建議這位老師還是趕快退休不要出來禍害人間。
請生成機率課程的正面心得並限制在87字內,機率,正面,87,機率這堂課超級難，老師講課會有一些很酷的口頭禪，不然上這種這麼難的課真的會很痛苦，期中期末會有種不知道自己在寫甚麼的感覺，上課雖然聽不懂但是還是要認真聽，不然真的很可能被當。
請生成橄欖球課程的正面心得並限制在91字內,橄欖球,正面,91,帶式橄欖球不會在比賽時和他人有過多的接觸，有點像是綜藝遊戲的撕名牌，只是變成帶子，把敵隊的帶子扯下來就可以停球，是一個很刺激又不會過於激烈的遊戲，難得有機會體驗不同的球類運動，很讚。
請生成學程式玩音樂課程的正面心得並限制在103字內,學程式玩音樂,正面,103,老師很可愛而且上課很認真！平常只喜歡聽音樂，所以對於音樂製作沒什麼概念，但老師都會一個一個仔細說明~ 每個禮拜都有ChucK 語言的練習作業，動作快的話課堂上就可以完成。期末要製作一個展覽，組員要自己尋找！
請生成學習與生活中的腦科學課程的正面心得並限制在85字內,學習與生活中的腦科學,正面,85,學到該怎麼睡覺才不會越睡越累、以及對於英語教育有更多的理解（人類口語發展的章節）、並且知道上個世紀對於腦科學研究方式的殘忍（額葉切除術等），對於今日的研究成果也有所收穫。
請生成踏溯台南課程的正面心得並限制在89字內,踏溯台南,正面,89,認識了大半圈台南，尤其是鹽水那附近的生態，還能體驗當地文化和了解歷史。 修課有幾點建議: 1.大小路線要自己規劃好不然容易撞期中期末考周 2.鬧鐘多計幾個不然睡過頭就一定要退選了
請生成線上高階英語一課程的正面心得並限制在89字內,線上高階英語一,正面,89,提供口語會話機會（有會話課跟討論課兩種） 會分成2-3人的 English corner針對老師每堂課準備的題目發表自己的意見 平時需要自學 但負擔不大 考試前才讀也會有80以上
請生成歐盟莫內講座—中國大陸研究學程導論課程的正面心得並限制在90字內,歐盟莫內講座—中國大陸研究學程導論,正面,90,很推薦給對這個領域有興趣的人，可以接收到滿多特別的觀點（可能因為我不是主修相關領域，本來就比較少探討這些議題），教授人很好，也挺輕鬆的課程。但教室麥克風常常很小聲，助教都不太處理。
請生成閩南語概論課程的負面心得並限制在69字內,閩南語概論,負面,69, 一定要修閩南語概論！如果覺得成績單上都A+太難看想拿個C的話。不然就是嫌自己閩南語太好，想聽老師的破台語腔調的話。那我真的推薦你快點來上
請生成閩南語概論課程的正面心得並限制在99字內,閩南語概論,正面,99,因為我們那時候疫情，所以都是線上上課，老師會用zoom分成小組，一組一組認真地聽大家練習。 是很認真的老師！會台語的人應該會覺得很簡單，但是對於不會的人來說，上完這堂課應該會大概知道一點基礎的概念。
請生成輔導原理與實務課程的正面心得並限制在59字內,輔導原理與實務,正面,59,不論是課程帶領的方式、引領知識建構的方法或是個人特質都很推薦，如果你是對諮商有興趣的人的話，我覺得他是一個很好的楷模~
請生成輔導原理與實務課程的正面心得並限制在98字內,輔導原理與實務,正面,98,可以更認識系上的同學（因為有分組報告），也對學校輔導工作有更多的認識，我會期待有更多學理上爭議的補充，也會期待老師可以把系統合作、轉介的過程講得更清楚，另外期待補充一般教師可以怎麼和輔導教師合作。
請生成語料庫入門課程的正面心得並限制在67字內,語料庫入門,正面,67,剛來的優秀青年學者！上課風格相當活潑有趣！而且很耐心指導大家操作程式！如果對語料庫有興趣，一定要修他的課！台文系我最推推的老師之一～～
請生成舞蹈鑑賞課程的正面心得並限制在82字內,舞蹈鑑賞,正面,82,從這次的課程中更加認識舞蹈的歷史與不同時期特色。除此之外，亦更加理解如何去賞析舞劇，以及觀賞時可以聚焦的層面。再者，還有機會體驗到舞蹈的基本練習。總體而言相當精彩。
請生成臺灣原住民族文化課程的正面心得並限制在98字內,臺灣原住民族文化,正面,98,除了基本的原住民知識，老師會在分享自己的一些實際與原住民接觸經歷，且老師本身是原住民。老師上課很有趣，會用演戲的方式，比其他課程還要不死板。雖然課程是基本的常識，但可以聽到老師分享許多有趣的故事。
請生成臺灣地理課程的正面心得並限制在94字內,臺灣地理,正面,94,報告內容要像維基百科一樣，內容越豐富越好，內容是複製貼上也沒關係，只要確定內容正確並附上參考資料來源即可 考試部分像是選擇題背誦時間，然後五選一選擇題老師自己出題的部分內容很細，要特別注意
請生成臺灣史課程的負面心得並限制在112字內,臺灣史,負面,112,這門課主要是寫筆記和點名，因為是早八所以不太容易爬起來，要修課同學可能要特別注意，筆記是用手寫交給老師，雖然目前已經改成打字交電子檔給老師，但是還是需要自己思考內容再寫，不然分數會很低，還有老師在意出席狀況，出席率太低會當掉
請生成臺灣文學與社會課程的正面心得並限制在88字內,臺灣文學與社會,正面,88,真的是可以了解很多臺灣文學 年代也是跨很廣 不會侷限在近代文學 老師會以影片方式補充 也有電影！ 整體課程不會太死板 但因為時間剛好在午後 有時候會不小心 影片看一看就睡著⋯⋯
請生成網際網路概論課程的正面心得並限制在98字內,網際網路概論,正面,98,這堂課會需要用HTML，然後小組一起製作一個網頁，蠻好玩的但老師只會一點點基本概念，其他都是我們自己學完自己做出來的，其實花了蠻多時間蠻累的！考試就是老師說會考的地方要讀熟，不然可能會覺得蠻難的！
請生成網際網路程式設計課程的正面心得並限制在107字內,網際網路程式設計,正面,107,老師人很好，期中考會請大家喝飲料，也會選小幫手幫大家開門，小幫手期末也可以加分，交筆記好像也可以加分。 因為考試的範圍都蠻大的，所以考試前一堂課，老師也會先複習考試可能會出現的內容，讓大家可以針對那個部分去做準備！
請生成管理與電影課程的正面心得並限制在77字內,管理與電影,正面,77,上課風格很歡樂，老師每堂課都會花心思布置教室或準備小驚喜，老師本人也是很幽默的。上課是用ppt，內容偏向初學，主要是了解管理學的大綱，不會太深入或太艱澀。
請生成漢魏六朝詩課程的正面心得並限制在85字內,漢魏六朝詩,正面,85,交到一群好朋友，分組報告更清楚分工怎樣做才能明確，老師人很Chill，上課沒什麼負擔，是國文系上相對來說cp值很高的課，給分很甜，考試又不難準備。推薦想修的人可以直接選。
請生成電機通用技術課程的正面心得並限制在115字內,電機通用技術,正面,115,"認識電機相關技術與其在工業上的應用,培養學生具備基 礎電機技術的實作能力。讓學生能具備微控制器線路分析與設計的能力。讓學生能透過分組專案討論,培養良好溝通與表達的能 力。透過微控制器線路設計的練習,培養學生對工業服務之熱 誠態度。"
請生成電路學(二)課程的正面心得並限制在101字內,電路學(二),正面,101,這堂課是電路的基礎課程，上課內容是高中的基本電學的進階，這堂課的老師教的範圍比其他老師多，雖然會覺得壓力比較大，但是可以學到比較多東西，且老師會找業師回來上課，可以聽到一些關於業界的經驗，是有趣的課程。
請生成電腦輔助工程分析實習課程的正面心得並限制在111字內,電腦輔助工程分析實習,正面,111,這一門課讓我學習到AUTOCAD的使用方式，老師上課我覺得也很認真，而且會另外準備AUTOCAD的考試圖檔給我們使用，老師相當用心，而且上課通常會讓我們動手做，自己畫圖不懂的老師也會要大家腦力激盪，總之這門課讓我獲益良多~
請生成電腦動畫 課程的正面心得並限制在87字內,電腦動畫 ,正面,87,老師會給我們很多的自由，為了讓大家跟上課程進度，也會有很多的實作機會，老師也會親自下來巡看大家有沒有不會的地方。整體而言我覺得課程內容有趣，期末作業其實也不難，是個蠻甜的課。
請生成電腦多媒體課程的正面心得並限制在121字內,電腦多媒體,正面,121,基本上丁老師的課程應該都蠻輕鬆的，很大一部分的時間可能是助教在上課、或是叫我們自己動手實作、請我們上台報告、請校外人士演講⋯等。 有時候會讓同學回答問題，可以加分，因為老師主張Learning By teaching(教中學)的模式進行授課。
請生成電信政策課程的正面心得並限制在159字內,電信政策,正面,159,上完這堂課，我學習到許多有關電信的相關規範，如果沒有這堂課，我不會了解為甚麼明明基地台的數量差不多，但訊號和速度卻比其他家業者還差。原來是因為每家電信業者所分配到的頻寬不同，頻寬較大的訊號就會比較好。以目前來說中華電信的訊號和速度是最好的，但他們的月租費理所當然就比較貴，我自己是使用遠傳電信，我只能說遠傳真的是垃圾。
請生成運算思維與程式設計課程的正面心得並限制在83字內,運算思維與程式設計,正面,83,老師人很好，有問題都可以舉手問，真的寫不出來有解答看。但期末要做的遊戲專題很吃隊友，不過不管哪個老師都得做專題～我自己覺得期中期末都不難，蠻適合想學程式的人來修課的！
請生成運算思維與程式設計課程的正面心得並限制在86字內,運算思維與程式設計,正面,86,期中考以前還算簡單，期中之後超級難，期末考基本上不及格很正常，但專題好好做成績還是不會太差，考試前會有例題，可以試著做做看，會很有幫助，專題需要做一個遊戲，盡量找厲害的組員
請生成資料結構課程的正面心得並限制在97字內,資料結構,正面,97,認真覺得老師很會教，講得很清楚，對於剛接觸程式的人來說很讚！給分也很甜 主要在認識基本的資料結構，老師很可愛，興趣是賞鳥，有時候老師會開始分享他假日去拍的鳥類！ 感覺得出來老師是真的很喜歡鳥類~
請生成經濟學課程的正面心得並限制在91字內,經濟學,正面,91,此課程介紹經濟學的基本原則，可以幫助學生瞭解決策方法、市場的基本運作原理、廠商理論基礎、與整體經濟體系的運作等。瞭解經濟學的基礎理論與觀念 應用經濟學於日常生活 應用經濟學於工作場域
請生成會計學課程的正面心得並限制在58字內,會計學,正面,58,超級超級推！慧玲老師的會計！老師以前是四大會計事務所的，跟她學真的可以學到超多！每堂課都可以學得很精實！推推慧玲～～
請生成新音樂合奏 (二)課程的正面心得並限制在74字內,新音樂合奏 (二),正面,74,超棒的課～可以學到很多！而且給分也很甜！我同學幾乎半學期沒出現，但老師還是讓她過。只是認真推說如果想學東西的人還是用心來上一下拉，老師真的教得很棒！
請生成微積分乙課程的正面心得並限制在60字內,微積分乙,正面,60,微乙推張幼賢，寫題目是滿不容易的啦！但是老師會給他自己的講義，練習練習應該沒問題的。或是你要先看一下講義也可以再跟我說～
請生成微積分乙課程的負面心得並限制在69字內,微積分乙,負面,69,真的不喜歡上他的課，每次上課我都帶筆電去最後一排插插座，做自己的事。然後我同學作業都有交，考試、出席都有，結果還是拿C-，真的是個爛老師…
請生成微積分乙課程的正面心得並限制在64字內,微積分乙,正面,64,教的不錯！建議每堂課都來，因為老師是真的把微積分講得很詳細，就算有同學真的不會，老師也會細心教學。就算是文組生也推推來修他的課～
請生成微積分3課程的正面心得並限制在153字內,微積分3,正面,153,這是一門半學期的課程，主要介紹多變數函數的微積分運算，和其在經濟學豐富的應用。 微分主題包含多變數函數的極限，偏微分，方向導數，切平面，線性逼近，和微分連鎖律；並討論求函數極值，Lagrange乘子法等應用問題。積分部分涵蓋多重積分與逐次積分的定義，Fubini定理，和變數變換；並探究機率如何使用重積分。
請生成微積分2課程的正面心得並限制在84字內,微積分2,正面,84,修完本課程學生能熟悉微積分工具，並期望能應用在經濟學和其他專業科目。微積分2我有比較認真一點，但其實只是會努力定期交作業，所以成績沒有向微1那麼慘，雖然其實還是蠻爛的。
請生成微積分1課程的正面心得並限制在178字內,微積分1,正面,178,"這是一門半學期的課程,主要介紹單變數函數的微分運算,和微分在各領域豐富的應用。內容涵蓋極限與連續的定義,微分技巧,畫函數圖形,和極值問題等。課堂上將講解定義並推導重要定理,以培養學生邏輯推理與分析能力;同時會示範微積分在各領域的應用,幫助學生將微積分與其他專業科目結合。本課程還設有習題課,學生將在助教的帶領下熟練微積分的計算並完成學習單上的小型研究題目。"
請生成進階日文課程的正面心得並限制在68字內,進階日文,正面,68,老師會非常仔細的拆解文法規則來講解，只要認真聽一定聽得懂。我自己修完進階日文，就已經可以有N3的實力了XD 因為老師真的教得超級無敵好！
請生成程式語言課程的正面心得並限制在104字內,程式語言,正面,104,可能因為我對於C程式不是很了解，我覺得蠻難的，老師上課喜歡用EVERNOTE記錄每周上課的內容。 考試是直接區教室上機考，寫完之後舉手請老師過去看，但老師可能根本不知道是誰先舉手的，導致那個評分的順序有點迷。
請生成程式設計(一)課程的正面心得並限制在58字內,程式設計(一),正面,58,紀老師是一位很認真的老師，上課常常會補充一些課外的東西，假如你真的認真上課，搞懂所有它講的東西，你就會變得很厲害了。
請生成無機化學（一）課程的正面心得並限制在82字內,無機化學（一）,正面,82,無機化學的基本介紹，是化學系的必修課，主要課程內容有，分子軌域，分子組態，酸鹼軟硬理論，群論等等，雖為中文授課，但考試皆為全英文，可以用中文回答，需要分組上台報告。
請生成智慧財產權(民主)課程的正面心得並限制在86字內,智慧財產權(民主),正面,86,學到如何巧妙的運用法律來保護自己，和如何有技巧的引用別人資料，只要是在合理範圍內，都是可以合法使用的，我覺得這個不管是在發表學術上的文章或是表達自己理念或想法時都能幫到自己
請生成普通物理乙課程的正面心得並限制在58字內,普通物理乙,正面,58,老師人很好 上課記得來，小考段考記得考，應該就會過，考試我覺得不難 給分算甜。助教人很nice，有問題也可以幫忙解決
請生成普通物理課程的正面心得並限制在86字內,普通物理,正面,86,基本的普通物理，就很類似高中的物理範圍，基本上只是算式變得比較難，然後相關的觀念再加深一點而已，牛頓基本定理，電磁學等等的概念，其實你高中有學好上學期的課程應該是沒什麼問題
請生成普通地質學課程的正面心得並限制在148字內,普通地質學,正面,148,上課內容跟高中的很不一樣，內容比較多需要記憶（如果對地質沒有什麼興趣，可以找考古題的答案背起來）。賴老師的實習課是進入實驗室觀察石頭樣本，紀錄在學習單上。葉老師的實習課是繪製地質圖，有些部分有點難理解，要花比較多的時間去寫。期中後會有一次出野外（可以不參加），實地的去觀察地質特徵跟應用地質設備。
請生成普通生物學乙課程的正面心得並限制在86字內,普通生物學乙,正面,86,課本跟投影片都是中文，雖然每次上課都會有小考，但上課的內容大多都是高中甚至是國中教過的，非常的簡單.0.，考試前翻一下投影片就可以考高分了 ! 所以其實可以不用買課本拉 ~
請生成普通心理學（一）課程的負面心得並限制在114字內,普通心理學（一）,負面,114,這是全英文的課程，因為常常聽不懂，所以覺得沒學到什麼。上課每節都有小考，前面幾週是用google表單填寫選擇題，每次約10題。到後面幾週改用moodle上傳簡答問題，比較像開放式問題。因為我英文不好，覺得這堂課好累又沒有成就感。
請生成普通化學甲（一）課程的正面心得並限制在90字內,普通化學甲（一）,正面,90,學到化合物英文名、氣體、量子力學、MO、熱力學等。 學MO簡直大開眼界，發現高中學的VSEPR等等理論其實有點小小受限。 「科學家就是很會找理由的生物，高中那些理論通通是唬你們的」
請生成普通化學乙課程的負面心得並限制在99字內,普通化學乙,負面,99,雖然教的是普化乙，但很多內容會被跳過，期中期末考也只是從老師圈選一些課本上的題目裡選幾題一模一樣出在考卷上，基本上是有背有分，內容也只是高中化學英文版，事實上學不到什麼東西，自己看課本還比較實在些。
請生成創造力教育課程的負面心得並限制在158字內,創造力教育,負面,158,課堂非常涼，不用考試，基本上學生都在台下做自己的事，非常適合需要在課堂上「運用自己時間」的學生。且這堂課是資優教育學程與特教系的必修，若是習慣「聽老師講述課程內容」的學生可能學到的東西不多，因為老師基本上不會教學，僅會在學生導讀後給出因應之評價，因此基本上要靠同學小組導讀或自己到圖書館借閱指定參考書目才能學到東西。
請生成通識教育講座課程的正面心得並限制在88字內,通識教育講座,正面,88,這堂課蠻涼的，只需要一直去聽演講然後回去寫心得，有時候演講大概也只有一個多小時(上課時間表訂為兩小時)，因此cp值蠻高的，但因為分數部分出席及心得都佔很大部分，因此每場都要參加
請生成軟體工程課程的正面心得並限制在91字內,軟體工程,正面,91,"這堂課主要就是把修課的人分成三組去做一個期末專案(題目由老師決定，之前的題目有AP controller, judge系統等等)，讓大家學會如何團隊合作，分工，體驗做一個產品的感覺。"
請生成軟式棒球課程的正面心得並限制在110字內,軟式棒球,正面,110,上完棒球課我覺得很開心，在上課中老師很耐心的教導我們，從一開始的姿勢到動作，老師都很有耐心的去指導我們，接球時不會很困難，接到球的時候也很開心，最後到團體比賽時大家一起團結去爭取勝利的過程，真的魂體驗到那種熱血慢畫的感覺
請生成設計素描與表現技法課程的正面心得並限制在88字內,設計素描與表現技法,正面,88,我其實沒有很會畫畫，但老師也不會因為你不會就給你比較低分。 會跟你說怎麼畫比較好看。 然後規定的素描作業，基本上時間應該都給的蠻充足的，老師人很好，如果有困難也都可以跟老師說！
請生成統計學課程的正面心得並限制在103字內,統計學,正面,103,可能因為我不是本科系的，我覺得多都聽不太懂，SPSS軟體也沒有很好用......每次使用都一定要先連接學校的VPN有點麻煩。 考試也覺得有點難，上完之後我印象比較深刻的就只有幾個分析方法，還有判斷P值這樣。
請生成統計與生活課程的正面心得並限制在137字內,統計與生活,正面,137,主要在上簡單的統計，班上有很多文組的，前幾週是影片教學（期中考範圍，非開書考）最後一節課到就行，期中考後是聽講，每週撰寫簡單的心得報告就行。如果全班的期中考試不太理想，老師會有第二次開書考！最後有個統計報告，一開始就可以先準備問卷設計，是後面幾週助教會帶大家去蒐集問卷調查。
請生成現代醫學 課程的負面心得並限制在200字內,現代醫學 ,負面,200,全英文上課所以要全英文報告、回答問題。雖說這堂是現代醫學，其實比較像醫學英文，會請學生朗讀文章，然後再針對文章的字請學生解釋。老師會很在乎發音有沒有正確，然後課堂討論時會糾結在奇怪的點問奇怪的問題。課堂討論基本上就是老師問問題點學生回答，老師不會教任何醫學知識，都是請學生自己講，如果都沒人會就會叫學生查完答案上台發表。 總之學不到什麼醫學知識，想練英文聽力或口說的可以來，老師會一直問問題逼你回答。
請生成現代戲劇課程的正面心得並限制在55字內,現代戲劇,正面,55,這門課只有一次課堂報告和一篇觀劇心得，負擔極小。未來兩年暫時都不會再開課，大家快把握機會選修！！不然要沒機會了
請生成現代舞課程的正面心得並限制在101字內,現代舞,正面,101,"我修過老師的土風舞,老師人真的很好,他不會責罵你學不會,他只會罵你為什麼要翹課害全班進度落後,老師非常注重上課態度,態度就是一切,而且老師也很關心學生的身體狀況,跟老師熟一點的,老師會跟你講好多事情喔!"
請生成液晶導論課程的正面心得並限制在81字內,液晶導論,正面,81,液晶的基本原理、組成等等，然後會介紹不同架構的LCD(其實LCD的運作方式 分很多種)。大部份都是記憶式的文字敘述，以及圖片，計算很少很少。是可以學到東西的一門課
請生成教學媒體與操作課程的正面心得並限制在104字內,教學媒體與操作,正面,104,上課內容算蠻豐富，把教學現場能用的一些比較新的軟體做一個比較完整的教學，不是上word、excel、PowerPoint 但是作業不少，需要有過人的勇氣才能來修此門課，不然會累死 最後一節課老師會請全班喝飲料
請生成教育議題專題課程的正面心得並限制在107字內,教育議題專題,正面,107,我覺得這個老師非常的可愛，講話也很好笑，老師上課會需要同學小組討論、互動，所以可以找認識的一起去上，但這堂課期末會需要參加一整天的工作坊，那天真的會非常的累，需要一直動腦且和隊友合作想出完整的教案，這部分要自己斟酌
請生成教育議題專題課程的正面心得並限制在81字內,教育議題專題,正面,81,這堂課提到的議題主要完繞在家庭上，上課蠻有趣的，會講到擇偶、家庭關係等，上完真的會省思自己與人的關係，學期末有個工作坊，需要去一整天，會和組員完成教案，並上台分享
請生成教育統計學（一）課程的正面心得並限制在117字內,教育統計學（一）,正面,117,這堂課雖然是EMI，但老師很關心我們聽不聽得懂，都會確認我們可以了解才繼續下去。所以基本上都能夠學得不錯，尤其給分真的甜，只要上課有聽，把不會的弄懂，基本上都能夠有A+，同時也能夠學到許多統計知識（雖然偏簡單），也可以鍛鍊一下英文聽力
請生成教育哲學課程的正面心得並限制在90字內,教育哲學,正面,90,老師人真的超級好！而且感覺是用生命在上課的！看老師寫板書就能感受到她的熱情，而期中期末只要讀老師的簡報便能拿到高分，上課會有閱讀、討論的環節，老師會帶著大家，讓讀本不會那麼艱深難懂
請生成排球(下)課程的正面心得並限制在92字內,排球(下),正面,92,承接排球（上）所學，學期開始前會先複習上學期所學，如排球接發球動作等等，到了下學期的課程則會多加入實力分組對抗賽，老師會按照實力分配所以都打的起來蠻好玩的，最後也會依照比賽表現作評分。
請生成排球(上)課程的正面心得並限制在80字內,排球(上),正面,80,此門課程是台科大校園內難能可貴能見到女生人數蠻高的體育課程，約6比4左右，可惜的是男女網高度並不相同比賽時老師會特地分開，但在練習時間卻是混的，挺不錯的一門課程
請生成專題製作（一）課程的正面心得並限制在101字內,專題製作（一）,正面,101,蔡老師是一位非常具有教學熱忱的老師，給我們相當大的自由，如果製作上有遇到什麼困難也可以詢問老師，老師會給予非常實用的建議和學習管道。老師人真的很好，若你是比較自律、會時間管理的人非常歡迎找她當指導教授！
請生成專家文課程的正面心得並限制在56字內,專家文,正面,56,推！真的是好課+好老師～希望有興趣的人能一起來試試看！這門課認真可以學到超爆多東西的！專家文我一生也只推基倫教的
請生成專利法課程的負面心得並限制在217字內,專利法,負面,217,本人是112-2修的課，老師上課很中規中矩，好好聽課跟看講義可以學到很多，但是有非常大一部分在講國際公約和國外案例，這跟考試都沒有太大關係，還有明明是法律學院選修，但老師會很在乎外系來修課的同學，頻頻強調「這對於法律學院同學來說⋯⋯，外系同學就看過就好。」之類的言論，佔總成績20%的法院旁聽心得也只有法律學院同學要交，考試也是對法律學院同學特別嚴格，個人認為不管是不是法律學院同學，大家都是第一次修這門課，屬實不應該有這麼多差別待遇
請生成國學概論課程的正面心得並限制在70字內,國學概論,正面,70,老師真的不錯~如果不看考試~其實我很喜歡他教學的內容還有他學者的氣質風度。他上的國概，都有一種莫名的氣質，我之前想搶他的課都得排授權碼 XD
請生成國會與憲政民主課程的正面心得並限制在132字內,國會與憲政民主,正面,132,很甜很涼的課，老師會上傳逐字稿到ntu cool，內容期末考會考，但如果有考古就算平常完全不看也沒差，不會點名也不用上課，期末報告不一定要跟美國國會有關，範圍很廣，寫其他任何有興趣的國家或主題皆可，給分甜，報告把資料整理後貼一貼，期末考看考古，花不到2小時A+到手
請生成國文(二)課程的正面心得並限制在54字內,國文(二),正面,54,上課有趣，不太拘泥在課本，認真上課的話收穫會很多，分數也給的蠻高的，是蠻推的老師，基本上是會上她印的講義內容
請生成商事法總論及公司法課程的正面心得並限制在111字內,商事法總論及公司法,正面,111,這學期公司法開在禮拜一早上，害我每次都想睡覺。大家好像都跑去選曾班，所以這學期林班人數只有十幾個，老師偶爾會點人問問題，老師人蠻好也不用太緊張。上課講義老師會印好發紙本，不提供網路檔。最後是助教真的讚，可惜明年應該會換人。
請生成高級寫作（二）課程的正面心得並限制在84字內,高級寫作（二）,正面,84,我覺得因為這是三年級必修，大部分的同學都已上過基本寫作，這種工作坊的方式蠻有趣的，報告中也不一定需要全部英文，遇到不好解釋的可以講中文輔助，上課氣氛很快樂，老師人也很好
請生成高級統計學(乙)課程的負面心得並限制在81字內,高級統計學(乙),負面,81,一生修過最糟糕的課沒有之一，老師上課完全沒內容沒重點。修完我還是不知道老師在共三小，老師每次上課講話都像是在念經一樣，除非只是想要來混學分的吧，不然真的不推他的課
請生成高行健的文學與藝術課程的正面心得並限制在89字內,高行健的文學與藝術,正面,89,本課程由五位教師分別從戲劇、舞蹈、繪畫、文學與歷史五個角度出發，探討諾貝爾文學獎得主高行健先生的創作理論與精神，上課題材多元，舞台劇、舞台表演、繪畫、文本應有盡有，課程豐富有趣！
請生成財務管理課程的正面心得並限制在50字內,財務管理,正面,50,期中報告(3個人一組的樣子) 有期中期末，偶爾傳個點名單點名，考試有看點書其實沒很難，分數可以滿高的
請生成訓練需求與成效評估課程的正面心得並限制在90字內,訓練需求與成效評估,正面,90,老師跟媽媽一樣人很Nice，課程會一步一步帶我們了解訓練需求與成效評估，包含組織分析、任務分析、個人分析、Kirkpatrick......等！對於剛接觸人資的大學生來說非常適合~
請生成討論與辯論（一）課程的正面心得並限制在81字內,討論與辯論（一）,正面,81,這堂辯論課真的就是用英語辯論，一開始大家都對這堂課很緊張，但老師蠻好的，在辯論中講什麼老師都會說講的很好，並給很多鼓勵，而辯論的主題是老師決定，然後讓大家去選的。
請生成能源應用技術（一）課程的正面心得並限制在82字內,能源應用技術（一）,正面,82,初步了解電器設備量測（包含分離式冷氣機，變頻整體式冷氣機，定頻分離式冷氣機，電冰箱，大型冷凍庫，冰溫熱開飲機，除濕機），學習空氣線圖、莫利爾線圖以及風速計使用方式。
請生成特殊教育導論課程的正面心得並限制在82字內,特殊教育導論,正面,82,上這堂課能感覺到老師真的是很有愛心、對教學很有熱誠，雖然規定有一點多，下課時間也比較短，但上課蠻輕鬆的，老師也會準備許多的教具讓大家觀看，考試的部分不會很難，線上考
請生成桌球(上)課程的正面心得並限制在82字內,桌球(上),正面,82,老師會很認真的集合大家學習桌球相關的基礎，並且會很及時的糾正學生們錯誤的動作，讓學生的基礎可以更扎實，上完這堂體育課可以從原本不會打桌球，變成漸漸地可以跟人家對打。
請生成旅行文學課程的正面心得並限制在69字內,旅行文學,正面,69,老師本身就是研究旅行文學這方面的，絕對有品質保證。而且，室如給分也甜，就算是外系的人也可以來上她的課～因為真的可以學到很多，大大推推！！！
請生成哲學入門課程的正面心得並限制在61字內,哲學入門,正面,61,老師人很好，整體上課滿輕鬆有趣的，這學期沒有分組報告，只是上課時老師會講一些問題讓同學討論而已。多跟老師互動就應該會有A+
請生成個人投資理財課程的負面心得並限制在90字內,個人投資理財,負面,90,考試驚喜包真的太雷，害我氣到還沒期末就想發文，結果期末評鑑打完一看成績差點腦溢血，不可能，沒可能！！！！我做了快200頁的小組簡報美編！！！除了確診只請假一次這樣B+！！！（破音）
請生成個人投資理財課程的負面心得並限制在94字內,個人投資理財,負面,94,上課最累的地方是老師會突然考試，而且考試內容都是簡答題，需要花一點時間寫，而上課也常常會點名，助教都不只點一次，會讓助教按照位置點名，避免有人中途離開或翹課，這部分有點嚴格，但習慣了就還好
請生成食物學實驗課程的負面心得並限制在104字內,食物學實驗,負面,104,會在課程上學到地瓜圓、蔥油餅、碗粿、豆花等小吃的製作方法，假如畢業後走投無路，可以去夜市擺攤維持生計。課程最困難的部分不是撰寫結報到半夜，也不是做實驗，是忍受老師的碎碎念，尤其是位置在老師前面的幾組，辛苦了。
請生成食物學課程的正面心得並限制在82字內,食物學,正面,82,學到各種食物的知識，可以運用在生活上。這堂課有大量知識需要記憶，因此需要再花點時間統整內容。期中期末一些必考內容老師會在上課中提到。期末會考一個辨識蔬菜的隨堂小考。
請生成飛盤運動課程的正面心得並限制在98字內,飛盤運動,正面,98,每堂課都會點名，很適合飛盤初學者，一開始會先學基本的飛盤動作，正手反手等。 之後也會分組進行飛盤競賽超好玩的，每次都很期待課堂最後的比賽，但是要一直跑步會有一點累。 很多人修完都還會一直重複選修~
請生成重量訓練初級課程的正面心得並限制在67字內,重量訓練初級,正面,67,老師會給重點，從裡面出，東西算滿多，但不難，題目用抽籤的，器械講解也是用抽的，兩個會一起考打分數，我拿89，助教人很好，會考到你過為止
請生成重量訓練初級課程的正面心得並限制在85字內,重量訓練初級,正面,85,1. 學到怎麼用正確的方法做重訓以防受傷、認識了同樣有在訓練的的朋友，每週一下午都很快樂 2. 期初到期末，肌肉量共提升1.2公斤左右 3. 透過訓練，心靈變得更加強韌了
請生成重量訓練(下)課程的正面心得並限制在100字內,重量訓練(下),正面,100,台科的重訓課訓練場所因器材老舊且場地小以及在地下室夏天時總有許多蚊子等問題，可能會讓學生沒這麼喜歡，但老師人超級好，期末也只要我們拍影片證明我們有保持運動習慣就行，有時候也會不定期放假讓我們自主訓練。
請生成重度與多重障礙課程的正面心得並限制在100字內,重度與多重障礙,正面,100,春瑜老師非常專業，在老師的談吐中可以感受到老師在國內外多年與重度與多重障礙的相處、互動經驗，可以將議題帶入課堂討論，是一堂需要反思和源源不絕想法的課程，課後報告需小組活動，非常需要組員積極配合與參與。
請生成計算機概論課程的正面心得並限制在91字內,計算機概論,正面,91,這堂課會一直用到 MIT App Inventor，助教會拍一些教學影片，要自己回去看完。上課的時候會實作練習，如果不會的話助教也都很有耐心的教導！考試我覺得有點難，要認真準備一下！
請生成計量地理課程的正面心得並限制在84字內,計量地理,正面,84,統計學的相關內容，包含各種檢定還有excel作業增強應用的能力，檢定的部分包含甚廣，會講解例如Anova、有母數、無母數檢定等等，同時也有期中考和期末考，幫助學生複習。
請生成英語演講：英語簡報課程的負面心得並限制在80字內,英語演講：英語簡報,負面,80,有一次即興演講，主題是當場抽，超級緊張的，而且主題都超奇怪，需要很多想像力的那種，期中有一次職業相關的演講，需上台說服大家為什麼自己適合那份職業，需要做很多資料
請生成英語會話（二）課程的正面心得並限制在108字內,英語會話（二）,正面,108,老師真的是系上最可愛的老師，很多時候會像媽媽一樣講不停，重複提醒大家很多東西，不管何時遇到老師，老師都維持著最溫暖的笑容，而這堂課負擔其實不太重，作業都很像國小學生就能完成的，大家基本上都上的很快樂，超級推薦的會話課
請生成英語會話（一）課程的正面心得並限制在144字內,英語會話（一）,正面,144,"這門課會介紹關於英語會話的技巧，包括 conversation openers, disclaimers, rejoinders, open questions, fillers, self-disclosure, pre-closings. 也會簡單介紹台灣和北美的日常會話的文化差異。"
請生成英文（三）科技英文課程的正面心得並限制在60字內,英文（三）科技英文,正面,60,推薦給對科學有興趣的同學!你們會學到很多!(尤其是理工科的啊！你們應該會覺得很親切，就算是文組生來修應該也可以拉，哈哈)
請生成英文(一)課程的正面心得並限制在250字內,英文(一),正面,250,培養學生獨立思考的以及思辨能力很重要，但這些都是課堂上鮮少會教的事，可能因為Eric從小都在美國讀書，所以他也把這樣子的教學模式帶來這堂課上，透過組員間不同的意見創造出的火花會帶來台灣傳統學習環境很難達成的學習效果。透過查詢國外新聞文稿、自己統整這些資料再用英文表達出自己的看法，的確會增加學生的英文能力。 但其實有時候我們討論出的答案並不是Eric想要的答案，這時候就會被退回去，然後還要再重新思考Eric心裡說預設的答案到底是什麼？這個部分確實就有點再浪費時間，有時候甚至會到下課都還沒討論出來。
請生成科學思維課程的正面心得並限制在65字內,科學思維,正面,65,只要認真做作業，點名不缺席，讓助教有好印象，要90分不難。也可以盡力舉手發言，老師'喜歡聽同學發表的觀點，觀點越新奇老師給的分越高
請生成科學的語言課程的正面心得並限制在136字內,科學的語言,正面,136,課程內容從相對論到句法結構，上課老師都用黑板書寫，有時也會留一些計算給同學算當作加分。因為上的內容和期中期末息息相關，建議儘量每次都要到課抄筆記，期中期末老師會給題庫，幾乎每年都差不多的題型（改數字），只要在考前大概翻一下筆記看一下題目，大概知道要考什麼通常都可以順利通過
請生成科學不一樣課程的正面心得並限制在67字內,科學不一樣,正面,67,推科學不一樣，老師很U，而且上課的氣氛很輕鬆還有很多桌遊可以玩！而且，還可以聽到老師講到很多有關元宇宙的東東，喜歡元宇宙的可以考慮來修
請生成科技史哲思維下的世界觀課程的正面心得並限制在149字內,科技史哲思維下的世界觀,正面,149,超頂，真的。沒考試沒作業人到就好，根本天使。教的其實是中醫，老師會教脈診臟腑之類的，雖然跟課程名字沒啥關係，但有興趣的同學會學到很多東西。教到把脈時，老師會規定你要幫幾個人把脈然後簽名，才可以下課 ( 不要只蒐集簽名喔這樣很壞 ) 。 我知道早八很痛苦，但這堂課真的值得 ( 雖然我都九點才去 )。
請生成流行病學原理:資料分析課程的正面心得並限制在89字內,流行病學原理:資料分析,正面,89,修「流行病學原理」學到概念，修這堂課則是可以知道如何實際操作資料，隨堂作業都很好應付，但是期末報告就要花一點時間了，要發掘資料集中隱藏的資訊，並且嘗試用流行病學的概念去解釋資料。
請生成柔道初級課程的正面心得並限制在52字內,柔道初級,正面,52,老師真的很棒，身體不舒服直接說，然後就可以在一邊休息。老師人很好，如果你動作不太熟，他會在旁邊細心教你。
請生成政治學一課程的正面心得並限制在89字內,政治學一,正面,89,老師的學者風範非常充足，私底下和他交談也很有收穫！ 上課時老師全程講課沒有討論課，同學可能會偶爾恍神。 老師解釋一個概念會解釋得很清楚，即使不懂，再三詢問老師，老師也很樂意解答。
請生成思考方法課程的正面心得並限制在99字內,思考方法,正面,99,老師星期四上下午都有開課，上下午的課程內容差不多，只是後半學期介紹的西方人物不同，所以建議可以兩堂一起修，且考試的內容皆為申論題，敘述一整個學期下來學到或是印象深刻的課程部分，整體來說是個拿分的涼課
請生成客家社會探究課程的正面心得並限制在64字內,客家社會探究,正面,64,共下來～推推！玫瑄超讚！雖然課程稍微種了一些，但是真的可以學到很多～～老師學期中會帶同學到校外參訪，如果喜歡客家文物的一定必來！
請生成客家社會探究課程的正面心得並限制在66字內,客家社會探究,正面,66,老師人很好給分也很甜，不知道這學期活動有沒有改變，就給你參考一下～另外，還會有機會學期中到校外參訪，也是個出去玩的好課！(不是拉哈哈
請生成非營利組織管理課程的正面心得並限制在87字內,非營利組織管理,正面,87,上課是老師做的ppt，蠻常會點人回答問題 通常第二堂課老師會安排演講者到班演講 期末可以選擇要考試或是做團體報告，考試可以帶回家寫，但團體報告是跟小組成員一起完成，會比較輕鬆
請生成社會學課程的正面心得並限制在90字內,社會學,正面,90,我覺得作業雖多，但理論分析的訓練真的是扎實的。老師不會每堂課都點名，是隨堂點名，如果有晚到記得要補點名。期末考分數會超過120分，整整寫三小時，我覺得寫得算有自信但最後總成績是Ａ。
請生成社會教育概論課程的正面心得並限制在94字內,社會教育概論,正面,94,覺得這堂課很多報告要做，本學期做了三個大報告，兩次參訪（信義區走讀、台北探索館參訪），還有每次課間也要小組報告。因為有兩次請假所以分數只有Ａ-，不然應該可以Ａ。老師評分比較嚴格，但人蠻好的
請生成直排輪課程的正面心得並限制在94字內,直排輪,正面,94,滿輕鬆的，動作不會很難，點名也滿不嚴格。只不過我覺得老師教得蠻不錯的，我當初幾乎沒什麼溜直排輪的經驗，結果老師教完一學期我就會了。老師教得比較基礎，如果已經學會直排輪不太推薦，會覺得很無聊
請生成直排輪課程的正面心得並限制在101字內,直排輪,正面,101,很開心透過這門課交到了不同系的好朋友，還一起去古亭河濱公園和小巨蛋溜冰場玩。早八直排輪很累，所以建議大家選晚一點的課。老師很在意上課出席率，所以我只請假了兩次（一次喪假，一次生理假），全勤基本上是Ａ＋。
請生成物理化學實驗（一）課程的正面心得並限制在95字內,物理化學實驗（一）,正面,95,是系上必修課，無法不選，但三小時的課只有一學分，且還要額外花很多時間寫實驗預報結報，整體來說投資報酬率很低，但實際動手操作可以加深印象，學到的東西其實蠻多的，助教人也很好，有問題都很耐心回答
請生成法理學課程的正面心得並限制在84字內,法理學,正面,84,法理學的內容偏向哲學，對於我而言實在是有點難以理解，幸虧考試是投影片範圍內的選擇題，考前背一背基本上不會考太差。老師說期中期末兩次只要平均有50分就不會被當，輕輕鬆鬆。
請生成性別平等與法律課程的正面心得並限制在107字內,性別平等與法律,正面,107,我覺得台灣的性別平等教育是領先全亞洲的因為我們對兩性或者是第三性的看法有更多人的包容然後老師在課堂上會介紹很多校園性侵害性騷擾或是職場上的性別平等等我覺得這些對於我們都有非常重要的意義因此我覺得上課可以學到很多東西
請生成初級臺灣客語課程的正面心得並限制在159字內,初級臺灣客語,正面,159,老師會請一些客家表演者或藝術工作者來演講，可以寫心得加分。在學期末大家還有到隔壁國小表演（不是大型表演，每組只有上台大概五分鐘而已），是很特別而且有趣的體驗。 重點是，老師還會自掏腰包請大家吃東西，常常吃完午餐去上課還有餅乾跟小蛋糕吃，甚至課後老師還會帶大家去校外吃東西，真的是學得到東西又玩得開心的好課，一生推！！！
請生成亞裔美國文學與電影的藝術形式課程的負面心得並限制在81字內,亞裔美國文學與電影的藝術形式,負面,81,蠻無聊的課，但是通識的好選擇，給分甜，又不會負擔太重，老師很注重防疫，會包很緊來上課，還會消毒，個人報告只要照念稿就行，不用花太多時間準備，期末報告也是記得交就好
請生成作業系統課程的正面心得並限制在106字內,作業系統,正面,106,老師看起來就是一個很善良的叔叔，他都說叫他Jason哥就好了哈哈！ 老師上課很free，只是投影片都不會給同學有一點不方便。(但是後來我們都有找到網路上的) 考試只要作業、投影片內容有讀熟，基本上應該成績都不錯。
請生成肌力與體能訓練課程的正面心得並限制在79字內,肌力與體能訓練,正面,79,這個老師不錯，人很好，我上學期修過他的課！云瑢老師教得很細心，修完會懂一些基礎的重量訓練怎麼做，就算平常沒什麼在健身的小白也不用怕，因為老師會從最基礎的開始教
請生成羽球初級課程的正面心得並限制在180字內,羽球初級,正面,180,初學者也可以快樂打球的一門課 ! 老師會從頭慢慢教，非常細心 ! 每次上課都是倆倆一組打球 ( 自己找組員 ) ，後半段的課程練完老師規定的動作之後就可以自由打比賽了 ! 老師有時候會帶著音響來上課，然後帶著我們一起跳可愛的健康操 (?) 之類的舞 ~ 期末考就是發高遠球10顆，越高越遠越好，不隨便缺席應該都會過拉 ! 老師真的教得很好很細心，分享給各位 !
請生成羽球初級課程的正面心得並限制在154字內,羽球初級,正面,154,從認識羽球及球拍個部位名稱，到動作姿勢慢慢深入學習羽球，非常適合初學者的一堂課，一開始會先練習發球，然後單打再到雙打，累了可以休息，老師不會強迫上場，一學期只點名兩次，之後就會看到上課時老師自己拿著點名板默默點名，超涼，補課時會改成線上看影片+留言，有空再看就好，不一定要是上課時間，但一定要留言，算一次出席
請生成羽球(下)課程的正面心得並限制在85字內,羽球(下),正面,85,承接羽球上學期的課程內容，起初會複習上學習所學的羽球技巧，如反拍、平球等等，下學期最後才會教到殺球等進階技巧，老師也會分組打比賽還蠻好玩的，推薦給喜歡不曬太陽運動的學生。
請生成羽球(下)課程的正面心得並限制在84字內,羽球(下),正面,84,承接羽球上學期的課程內容，起初會複習上學習所學的羽球技巧，如反拍、平球等等，下學期最後才會教到殺球等進階技巧，老師也會分組打比賽還蠻好玩的，推薦給喜歡在室內運動的學生。
請生成羽球(上)課程的正面心得並限制在90字內,羽球(上),正面,90,這堂課是校園內少數能使用體育館的體育課程之一，很多女生會選擇上這門課程偏香哈哈！雖然老師話非常的多熱身也很久但老師真的很強也很認真教學，時不時也會下場和我們對打。雖然沒人贏過就是了
請生成有機化學實驗技術（一）課程的正面心得並限制在102字內,有機化學實驗技術（一）,正面,102,是實驗課的講解課，比較是像原理介紹，但實驗課前仍會由助教再講解步驟一次，所以若是沒有聽懂或是沒有記得也沒關係，老師會隨機從課堂出題目，但都不難，只是要看你有沒有出席而已，有交就會過，雖是選修但建議一定要修
請生成有機化學實驗（二）課程的正面心得並限制在98字內,有機化學實驗（二）,正面,98,這是大二的必修課，所以一定要選，只是開課時間都很不友善，下午要先上完兩堂課再接著做實驗真的超累，有幾個實驗還會做到很晚，且只有一學分，實驗報告分數還很難拿高分，但可以增進自己的實驗技巧，也算值得了
請生成有機化學課程的正面心得並限制在83字內,有機化學,正面,83,因為這堂課是開給非化學系的學生，老師這堂課有刪剪掉許多有機化學的內容，課堂內容主要會教營養與生科系會用到的化學知識，因此若想修完整的內容會建議去修化學系開的有機化學。
請生成有氧舞蹈課程的正面心得並限制在87字內,有氧舞蹈,正面,87,覺得這堂課是真的能運動到，期中考是老師編舞步大家一起學，並分組展示，而期末考的部分，需要小組自己編舞，舞步不需要太難，都是能輕鬆完成的，老師上課選的音樂也都很好聽，完全不無聊
請生成字體設計（一）課程的正面心得並限制在230字內,字體設計（一）,正面,230,字體練習所扮演的角色，是透過對文字造形的開發與應用練習，尋求文字與符號的的互動關係，藉此來呈現語意視覺化、符號化的設計過程，突破字義本身的局限。利用文字間關係的探索與發掘，開發學生對於應用字體的設計潛力，透過視覺傳達的表現，提高字體設計美的呈現，同時提供閱讀者愉快的視覺感受。字體設計從某種角度而言，是另一種基礎語言的能力的表現，本課程之主要目的在於培養學生探索字體設計的挑戰，啟發學生對於文字的感知能力，進而創造設計具傳達特質與個性意義的字體設計與應用呈現。
請生成多元視野的道德判斷課程的正面心得並限制在80字內,多元視野的道德判斷,正面,80,一生推薦的課，可以從老師身上學到很多！只要上課都有回答老師問題給分都很高！但是老師大部分同學給的分數都算蠻高的拉，適合想來衝 GPA 或是真心想學習的人來上！！
請生成多元文化通論課程的正面心得並限制在92字內,多元文化通論,正面,92,在訪談國外來臺灣的交換生過程中，可以了解外國的教育制度與不同文化 而且整門課程難度偏低，像討論單或簽到單下課前半小時來簽都沒關係，代簽老師也不會發現，只會口頭勸導不要代簽，但根本不會抓
請生成地球從誕生到演化課程的負面心得並限制在71字內,地球從誕生到演化,負面,71,考試真的很難，整學期沒點幾次名，但是認真做作業跟考試，分數不會差(期末考貌似才考60幾分...)，我後來有拿到9X，差點沒抱老師和助教大腿(咦
請生成地方政府與政治課程的正面心得並限制在96字內,地方政府與政治,正面,96,前面講地方分權花了不少時間慢慢講，但是後面的章節就一節課一章，快速畫重點過去，但是考試還是要考，尤其是選擇題的部分考得有點細微，要特別注意細節的部份，還有期中考選擇題題數很多，要注意時間分配。
請生成刑法（一）課程的正面心得並限制在221字內,刑法（一）,正面,221,老師針對刑法總則的內容教得非常全面與紮實，是我目前看過在本校最認真負責的教授，如果由政大生來票選全校最愛教授的話士軒絕對能拿前三！ 老師上課時會以大量實例或畫圖的方式輔助教學，在Moodle上會上傳各單元的課程大綱與參考資料，內容非常豐富，且課堂後還會來信補充內容，所有課程也會全程錄影，若缺席可寄信向助教索取影片，一學期也會加課3~4次，甚至最後沒教完也會提供我們教學影片讓同學寒假時線上補課，非常推薦想認真學好刑法總則的同學來修士軒的課！
請生成全球化與社會關懷課程的正面心得並限制在84字內,全球化與社會關懷,正面,84,報告認真寫，上課常發言，我期末A+！只是要記得出席，老師會認臉，三次未到會被當掉。但是還蠻多同學都蠻喜歡她的課的，雖然每堂課的loading都有點重，但是會學到東西喔！
請生成全民國防教育軍事訓練－防衛動員課程的正面心得並限制在90字內,全民國防教育軍事訓練－防衛動員,正面,90,老師看起來已經六七十歲，但依然十分健壯，感覺很有威嚴，但講話也不會過於老氣，許多人都還蠻喜歡跟老師聊天的。平常上課時可以帶自己的書去讀也可以滑手機，或是和老師聊天，蠻自由的一門課。
請生成企業管理概論課程的正面心得並限制在108字內,企業管理概論,正面,108,雖然舉手不一定答對，我答錯甚至會滿臉通紅，但是我鼓勵大家一定要舉手！因為有回答就加分。 期末報告要認真聽不能在底下看別的書，老師會在大家身旁走動巡視。 老師在期末報告每組都電的很慘，但最後我還是有A+，所以感謝老師吧
請生成生活中的化學課程的正面心得並限制在83字內,生活中的化學,正面,83,超級無敵涼課，會感覺生命逝去。但是不得不說他上課真的很有熱忱無論台下同學的反應如何，如果真心想要學化學日常相關知識（很日常的那種），而且頂得住沒有變化的教學方式可以去
請生成生活中的化學課程的正面心得並限制在88字內,生活中的化學,正面,88,早八的課非常想睡，尤其老師講話又偏無聊，但不會每個禮拜點名，點名也是用簽到的，蠻多人會翹課，考試超級輕鬆，期中期末都會給例題，把答案背起來就能考高分，因為很輕鬆，這堂課非常搶手
請生成生命科學導論課程的正面心得並限制在89字內,生命科學導論,正面,89,生科系的話很推！就聽聽每個禮拜不同教授分享他們的研究成果，當作聽演講一邊吃飯，但沒興趣的人可能要斟酌。有些我比較沒興趣的領域也聽到睡著，然後寫心得和期末報告都偏簡單，給分也很甜！
請生成民間文學與說唱藝術課程的負面心得並限制在67字內,民間文學與說唱藝術,負面,67,窩修了他的課，只拿了C，不要修比較好。老師雖然好，但是只要有人寫作業的觀點她不喜歡，她就不會給高分，上學期虧我還不眠不休寫她的作業(哭
請生成四書(二)課程的正面心得並限制在74字內,四書(二),正面,74,我是上維華老師的四書，老師上課方式很生動，不會只是單純講解原文，上課很有趣!印象比較深的是有讓班上同學來一場辯論比賽，其他部分就跟歷代評價差不多XD
請生成水中有氧課程的正面心得並限制在50字內,水中有氧,正面,50,推爆了老師超可愛！人超級好又幽默！而且，我一開始原本是個游泳白癡，但學完一學期後老師把我完全教懂了！
請生成文學作品導讀(一)課程的負面心得並限制在234字內,文學作品導讀(一),負面,234,這堂課老師十分要求課堂發言，發言一次3分，整學期要至少發言五次，要不然學期成績會很慘。老師給分相對英語系其他老師比較嚴格，個人聽到班上至少4位同學拿Ｃ，甚至有一位同學拿Ｅ。老師是羅馬尼亞人，口音稍重，有的時候會聽不太懂。作業相對於同時段的另外一班文學作品導讀，也多滿多的。考試別班只要寫一篇essay，但 Ioana Luca 的班要寫三個大題。進度安排上，有的時候因為前面拖到，後面的報告會被推遲。甚至有組別的報告被安排到期末考第十五週考完後，第十六週才能上台報告。
請生成文字布置與文雅生活課程的正面心得並限制在123字內,文字布置與文雅生活,正面,123,老師很會鼓勵人，對練書法重拾興趣，但同學都超強 寫扇子刻章什麼的都很有古意，喜歡古典的值得一修 課堂作業包含交自己的作品，但老師會把他們都貼出來給全班看，建議不要跟認識的一起上 介紹文章很認真的寫得駢四儷六，老師給了A+++++，一分耕耘一分收獲
請生成心理學課程的正面心得並限制在84字內,心理學,正面,84,老師真的好認真，中間下課也會休息滿十分鐘，上課回來的時候還會講有趣的事情給大家醒腦，但輕鬆的同時也不會讓人太鬆懈。想要安穩又紮實的打好心理學基礎，上郡羽的課絕對沒問題！
請生成心理學課程的正面心得並限制在97字內,心理學,正面,97,老師人很讚，上課也很有趣。 但考試都是英文的題目，書本也是英文的原文書，所以英文不好的人可以考慮一下要不要修。 課綱上寫說有作業，但我忘記有沒有了，但根據我模糊的印象，期末交筆記給老師可以加分！
請生成太極拳初級課程的正面心得並限制在86字內,太極拳初級,正面,86,上課模式大概是：做功操—陪著音樂打三四遍已經教過的動作—老師教新動作—大家跟著老師打新動作—分組練習—最後再打一次。整體上課不會太累，如果非常專注的話會學到很多太極的精神。
請生成分析化學實驗（二）課程的正面心得並限制在87字內,分析化學實驗（二）,正面,87,本學期主要著重於儀器的應用，像是IR、UV等等的分析，真的超級看儀器心情的，有時候照的步驟做，但測出來的數據就是很怪，欲哭無淚，但比起上學期，輕鬆很多，有些實驗很快就結束了!
請生成分析化學實驗（一）課程的正面心得並限制在84字內,分析化學實驗（一）,正面,84,實驗很累但很好玩，助教度ppt 很用心，每次還都會先講解原理，以及提醒我們實驗哪些部分要注意，期末有一次考試，個人覺得難度中等，需要仔細把每一份報告的原理、過程記清楚。
請生成公平交易法課程的正面心得並限制在81字內,公平交易法,正面,81,主要就是在講公平交易法，上課以抄筆記的方式為主，但有時候會有影片或紙本資料介紹公平交易法的案例，當時筆記可以給老師加分，老師偶爾會點名，記得沒錯的話只有期末報告。
請生成中華民國憲法及政府一課程的負面心得並限制在82字內,中華民國憲法及政府一,負面,82,對憲法中的重要概念有基礎的理解，例如基本自由權、權力分立等。老師還會針對一些釋字進行解析，並舉相關的國內外例子。這堂是政治系大一最硬的必修課，想衝gpa的不建議修。
請生成中國文學史下課程的負面心得並限制在294字內,中國文學史下,負面,294,1.作業真的很多很重，而且種類繁雜，需要大量時間與精力。 2.考試方式花招很多，而且不一定會在cool上公告，沒去上到課會很麻煩。 3.考試方式可能考前幾周才會臨時宣布，請小心不要太快安排期考後的行程，以免被影響。（個人經驗是被影響到旅遊行程，只好寫信和老師說只能遲交，結果下學期還被拿這件事揶揄很不好受）也要小心老師會要求要考試或要寫小論文要先登記（且只能在課堂上登記），如果沒登記要考試會直接撲空。 4.老師講話聲音蠻高的而且會情緒激動，擔心的同學請慎入。 5.再提醒一次修這堂課真的很累！！！老師的教學理念是「希望這堂課是有點累但有趣的」，但顯然是超級累又不怎麼有趣，要修的請三思。
請生成中級日語 (一)課程的正面心得並限制在88字內,中級日語 (一),正面,88,老師通常會讓自己跟坐附近的趴呢互相練習，所以能有很多對話的機會。老師在考前就會挑出要考的對話（考題為聽力填空），所以簡單看一下對話即可，考題都不會很難或很刁鑽，老師也有可能調分
請生成中文閱讀與思辯課程的正面心得並限制在132字內,中文閱讀與思辯,正面,132,對於每次都懶惰動腦的我，上這堂課是最認真的，每一次課堂作業都很認真寫，而且都不用上台報告，也沒有作業，作業就是回答講義的問題，老師都會叫我們在上課中寫完，所以結束後也不用花時間在這堂課身上，假如有認真寫都可以拿個A，期末成績也都很好看，只能說自己真的很喜歡這堂課。
請生成中文閱讀與思辨課程的正面心得並限制在120字內,中文閱讀與思辨,正面,120,在早八時刻充電。 老師常常叫不同背景的學生分享自己的觀點，比如說教到《台北橋》的時候，會點幾位同學分享自己家鄉的記憶；也會問問同學，如果自己是文本中的主角會怎麼做(例如，另一伴以遠距離作為理由要求分手會不會同意)。感覺可以聽到很多好玩的事。
請生成工廠管理課程的正面心得並限制在105字內,工廠管理,正面,105,課程部分分為對人及對事物，人的部分包含主管員工以及客戶，面對這些人時該如何管理及交流，事物部分包含工廠以及設備配置，物品及原料採購與銷售，課程中舉例貼近現實，讓學生更容易了解。很涼很甜的一堂課，但也學得到東西。
請生成工程數學(一)課程的正面心得並限制在87字內,工程數學(一),正面,87,老師上課寫的筆記題目只要看過就不會太難過，就算完全不會，也能把題目全部背下來，這樣至少可以拿60分，加上出席率和筆記的成績，要過很簡單，課輔也會有助教講解題目，對考試很有幫助
請生成工程圖學課程的正面心得並限制在89字內,工程圖學,正面,89,學習到AutoCAD 繪圖技巧以及如何閱讀及繪製三視圖，上課會想睡。講解會重複好幾次，但問高職汽車科的同學比較快。作業扣分的重點不一定會說，都是拿到助教批改完的作業後去問才補充。
請生成女性主義課程的正面心得並限制在86字內,女性主義,正面,86,超級推薦！老師會在課堂上講到蠻多婦女運動相關的社會運動，如果對女權主義、婦女運動感興趣的同學歡迎來！當然，如果本身只是想要來混學分的也可以來，因為這堂課可以學到蠻多的！！！
請生成女性文學、性別平等理論與婦運課程的正面心得並限制在57字內,女性文學、性別平等理論與婦運,正面,57,超讚的課！一生推！雖然這堂課評價蠻兩極的，分數也沒有給得太高，但是只要認真上一定會學到很多！大大推推乙萱女神！！！
請生成女性文學、性別平等理論與婦運課程的正面心得並限制在89字內,女性文學、性別平等理論與婦運,正面,89,我覺得這堂課雖然老師上課可能有點無聊，但對女性議題有興趣的同學還是可以考慮修課，裡面的讀本都不錯，報告也不會太複雜，老師給芬也很甜，上課老師會穿超浮誇的防疫衣，一開始覺得有點奇怪
請生成大學國文：文化思想與寫作（一）課程的正面心得並限制在101字內,大學國文：文化思想與寫作（一）,正面,101,老師帶大家以不同的方式閱讀史記，以心理學的角度切入，探討歷史人物的心理歷程與行為，並由此延伸至對自我的思考。寫作時不會強調文筆而是重視思考的深度，能夠感受到不是為寫而寫、而是真的靜下心與自己對話的過程。
請生成土風舞課程的正面心得並限制在84字內,土風舞,正面,84,老師很棒~~但是有他的堅持喔！第一堂課記得要到，老師會把規則講的很清楚，有努力過不會跳老師不會把你怎樣(但他會很難過)但是如果是因為缺課而不會跟不上進度，老師會很生氣的
請生成土風舞課程的正面心得並限制在89字內,土風舞,正面,89,不需要太多技巧的體育課~即使是不擅長運動也不用擔心 上課基本上就是根據每週曲目學習舞蹈 蠻常需要分組的 可惜這學習最後幾週因為疫情轉為線上 所以變成自己在家照著影片跳，錄影後上傳
請生成人際關係與健康課程的正面心得並限制在107字內,人際關係與健康,正面,107,整堂課程非常輕鬆，同時選這門課的學生十分多元，不同系不同年紀的都有，外向點可以交到許多朋友。 因本堂課主要教授的為和人際關係相關課程，因此如何達成良好人際互動十分重要。教授上課時不時會帶大家玩一些有點像破冰的遊戲。
請生成人格心理學課程的正面心得並限制在52字內,人格心理學,正面,52,這堂應該是算蠻硬的課，但是我覺得很值得，雖然考試和報告好像有點可怕但是不要怕! 會學到很多ㄉ!給分也很甜
請生成人生哲學與批判性思考課程的正面心得並限制在80字內,人生哲學與批判性思考,正面,80,整學期圍繞四個主題進行討論，上課發言會加一分，會有期中考跟期末1000字報告。考試題目不會太難，上課有稍微聽就能答得出來，不會害怕上課發言的可以選這堂，算是甜課
請生成人文學科課程的正面心得並限制在106字內,人文學科,正面,106,這堂課老師，都會切投影片給我們看，更展示他的作品跟我們說台灣歷史，並不單純的像小時候的歷史社會課，裡面融入了很多老師對於台灣史的熱情，更讓我在不同的角度看到不一樣的台灣史，讓我對於台灣的歷史建築有更不一樣的認識。
請生成 世界文明史課程的負面心得並限制在110字內, 世界文明史,負面,110,沒有很喜歡老師的講話方式，但是整堂課修起來還算是可以嗎，只要好好交作業、準時交作業分數都是有保障的，老師給分真的算不錯，但一整學期下來沒有學到很多東西就是了，但還算是有了解一些比較歷史細節的東西，是高中歷史課不會教到的。
請生成 普通物理實驗（一）課程的正面心得並限制在105字內, 普通物理實驗（一）,正面,105,這是大學的第一堂普物實驗課，其實一開始很不理解化學系為什麼要修普物實驗，不過學期下來，相對於普化實驗，接觸到了更多數據處理，且實驗也較普化的簡單，但兩者性質上還是有很大的區別，但整體來說學到很多，助教人也很好。
請生成 基礎電腦輔助設計(二)課程的正面心得並限制在81字內, 基礎電腦輔助設計(二),正面,81,是在工設系第一個開始學的3D建模軟體，基本上老師在示範的時候認真看或者是直接錄下來，造著每個步驟逐一複製就可以完成課堂作業，基本上不用花自己的時間沒有什麼作業負擔
請生成 基礎設計（一）課程的正面心得並限制在165字內, 基礎設計（一）,正面,165,因為我不是設計系，只是對設計有興趣，所以一開始去上課覺得還蠻害怕的。但是設計系的同學們人都蠻友善的，老師也會努力理解你的創作理念，並認真地給予回饋，對於外系的我來說上完課都會覺得蠻開心的。 作業和報告憑印象說一下，第一次作業是點線面的創作練習，然後會有一次報告是要去美術館蒐集各種不同類型的對稱素材，還有一次是Logo的創作設計！
請生成 英文（三）：商用英文課程的正面心得並限制在110字內, 英文（三）：商用英文,正面,110,老師人真的超級好的，每一堂課都會問問題跟你互動，英文說得不好也沒關係的那種，老師會一直鼓勵你。 期中期末各一次小組報告，一樣的主題。 小組討論出要創業的主題內容，期中先講大概的方向，老師會先給建議，期末前做好修改再報告。
請生成 西洋音樂史（二）課程的正面心得並限制在89字內, 西洋音樂史（二）,正面,89,練英文聽力、課程充實、提早研究史料。 大家會選擇坐前面因為老師說話比較小聲，保證充實，但一開始會有些吃力，需要花時間準備期中考、期末考、期末報告（口頭+書面），想認真學的很推薦！
請生成 有機化學實驗（一）課程的正面心得並限制在108字內, 有機化學實驗（一）,正面,108,大二的必修課，是剛開始接觸有機化學的時候，需要開始合成等等，很多儀器一開始都不太會用，每次要用都超怕，而且有機實驗是自己一個人一組，超怕做錯因為沒有人監督你或是隨時討論，但一整學期下來會發現雖然很累，但是很充實又好玩
請生成 大學入門課程的正面心得並限制在91字內, 大學入門,正面,91,在校外參訪我選擇去台北城小旅行，是很難得可以和系上同學出遊的機會，我覺得非常開心！敏雄老師人很好，在課程規劃上，他很關心我們大學生的心靈健康，對於剛上大學的我們這堂課是非常值得上的。
請生成 人力資源發展概論課程的正面心得並限制在105字內, 人力資源發展概論,正面,105,對於剛認識人力資源發展的基本概念很有幫助，老師的個性很real，感覺應該會有某些人覺得不習慣。 所有的作業都在課堂中進行，要自己帶筆電或是平板上課交作業比較方便。教材與作業、討論都在formosasoft完成。
請生成當代人權議題與挑戰課程的正面心得並限制在96字內,當代人權議題與挑戰,正面,96,老師會分享很多不同觀點的東西，幫助大家思考相同的議題但不同面向的看法，結合影片、動漫與時事進行課程內容。訪問的問題也很簡單，基本上只要按照內心想法進行問答就好，不會因為觀點與老師不同而被扣分。
請生成普通生物學課程的負面心得並限制在110字內,普通生物學,負面,110,老師教完一個單元都會考試，然後老師上課會很無聊，不過考前一定要讀小考考的內容，對期中期末都有幫助，最後會有期末報告也要認真做多少可以救期末成績，心智圖也一樣要認真做，多多少少有幫助，老師最後也會看整班的成績來做適當的拯救
請生成法學英文（二）課程的正面心得並限制在92字內,法學英文（二）,正面,92,若想要上課聽的懂，建議提前預習，避免老師上課問問題回答不出來。 擔心英文不好的話，沒關係，一樣提前先把上課要讀的進度範圍看過，這樣上課就能聽懂。 但是想要拿高分得花時間努力讀，不容易。
請生成自然科學與人工智慧導論課程的負面心得並限制在84字內,自然科學與人工智慧導論,負面,84,這是校必修，說實話我覺得這堂課完全在浪費時間。上課大家不是在玩手機就是在抄結報，期末報告教授又很不尊重人讓人火大。但是還是得修，基本上東西都有教就不會被當，忍耐一下吧。
請生成人生哲學課程的正面心得並限制在134字內,人生哲學,正面,134,有別於其他的通識課，老師分享了很多他的人生經驗，每週有不同的主題來探討，老師也很常對大家信心喊話，不管是遇到什麼挫折都要勇敢面對，最後一堂課會有課程回饋單，我覺得這堂課真的是我的心靈慰藉，老師人很nice，中堂下課或是最後下課都可以跑去跟他聊天，他會很認真的聽你講完。
請生成Android 程式設計課程的正面心得並限制在110字內,Android 程式設計,正面,110,最主要的是擁有 Android app 基礎的開發能力，在課堂中都會有剛剛好的實作練習量，在練習之前老師也會在台前講解接下來要做的事情。所以上課是不會無聊的，如果練習過程中發現問題也可以即時跟同學、老師求救或是互相討論。
請生成環境風險評估課程的正面心得並限制在101字內,環境風險評估,正面,101,"從期末報告中，發現原來建造一個開發案，需要經過如此多的程序，再看報告書的時候，差點要瘋了，還好組員們很給力，最後的報告成果也不錯，期中考的考試，可以跟學長姐拿看看考古題，題目不會差太多，寫起來挺順手！
"
請生成商用數學課程的正面心得並限制在88字內,商用數學,正面,88,畢竟是私立商學所以老師不會教太難（可能考慮有些同學數學能力），學到的知識都是高三下數學的內容（甚至高三下自然組讀完，進度還比我們這堂課整學期學的多）。老師人真的很好，基本不當人
請生成會計學(二)課程的正面心得並限制在88字內,會計學(二),正面,88,通過學習會計學，我深刻理解了會計的難得，我是從0基礎一點一點鞏固知識，從第一小考的時候，看到的題目，心想完了怎麼跟我讀得內容不一樣，到現在會分析題目去做解答，完全是靠老師的幫助
請生成中級會計學(一)課程的正面心得並限制在156字內,中級會計學(一),正面,156,學習中級會計學是一個挑戰但也很有趣的過程，一開始，我發現中級會計學跟初級會計學相比更加複雜和深入，這門課程讓我更深入地了解會計學的各個方面，包括財務報表的準備、財務報告準則等等。在學習過程中，我發現最重要的是理解概念背後的邏輯和原則，相比於單純記憶公式和規則，理解背後的原理可以幫助我更好地應用知識解決實際問題。
請生成宗教哲學課程的正面心得並限制在88字內,宗教哲學,正面,88,對宗教真的會有更多的認識，也不會有被強迫傳教的感覺，可以說是宗哲裡數一數二優秀的，心得的字數也不多，還可以線上填表單不是現場點名。簡單來說是可以水也可以認真聽課學到東西的通識。
請生成國際財務管理課程的負面心得並限制在89字內,國際財務管理,負面,89,如果沒有時間看影片的人可以不要修，因為看影片很浪費時間。英文不好沒關係，老師會錄中文影片，但內容不多，考試難度有點難，上課舉例不多卻考很多計算題，但作業跟報告很好做，不太花時間。
請生成主動噪音控制課程的正面心得並限制在98字內,主動噪音控制,正面,98,這堂課會搭配即時數位訊號處理，兩門課一起修習後可以學會主動噪音控制的基礎，進而自己研讀演算法撰寫、濾波器設計等等，因為上課人數不多，可以即時與老師及同學討論，是個可以學到東西又可以結交朋友的課程。
請生成金融科技課程的正面心得並限制在85字內,金融科技,正面,85,會充分接觸程式設計的課程，雖然生疏但不會太難，讓人對程式有基礎認識，提升能力，此外深入淺出的金融科技知識也讓人深刻瞭解到從古至今的發展，是一堂兼具理論、生活與實作的課程。
請生成工程與法律課程的正面心得並限制在82字內,工程與法律,正面,82,輕鬆簡單，選課餘額很多，很容易就可以選到課，上課滑手機睡覺都可以，期中期末前一週會把考試題目告訴我們，也會告訴我們答案，只要背起來就好，也可以開書考，最後99分過。
請生成生活社會學課程的正面心得並限制在127字內,生活社會學,正面,127,這堂課一開始會先讓同學玩幾個有趣的破冰遊戲，其中我最印象深刻的項目是跟輪流跟幾個不同的同學對視一分鐘，我還記得當初和同學們的互相大眼瞪小眼的樣子，那時候一直在憋笑，不過也因為經歷這次遊戲讓我能放開去參與後續的課堂問答，畢竟回答的再怎麼樣都不會比當初尷尬。
請生成文學經典閱讀課程的正面心得並限制在123字內,文學經典閱讀,正面,123,老師會把文章講解得很淺顯易懂，也會很掏心掏肺的介紹相關的寫作方式或作品。認真上課的話，可以學到很多解讀文學的知識。 小組報告的主題也很有趣，很貼近生活，準備起來不太有負擔。 老師很用心也很重視學生，會根據學生的程度和反應，稍微調整課程內容難易度。
請生成人生哲學課程的正面心得並限制在82字內,人生哲學,正面,82,老師上課分享的人生經驗很好的啟發了我對人生的思想邏輯，而且老師上課很有趣，還會播自己唱的歌給大家聽，上課氣氛很輕鬆不會太過尷尬，而且老師會跟學生互動進行問題的討論。
請生成自然科學與人工智慧導論課程的正面心得並限制在80字內,自然科學與人工智慧導論,正面,80,學到一些現在很流行的AI然後也很受用，也看了一些平常不太了解的領域，也跟組員培養好默契，助教會帶機器人來給大家測試，很好玩，也有用麵條坐屬於自己組別的高塔，酷斃
請生成儀器分析(一)課程的負面心得並限制在85字內,儀器分析(一),負面,85,很難過的一門課，老師上課不無聊，但常抓不到出題的方向，會有小考，考試規矩很嚴格，必須得很認真上課，建議帶課本，會分組回答問題，分數不好拿，最好不要翹課，會當人，要很努力。
請生成儀器分析(一)課程的負面心得並限制在87字內,儀器分析(一),負面,87,學到了不少，但感覺很看喜好，最好被老師所喜歡，考試沒有考古題，上課講義也不一定會公布，要認真上課，作業準時交，點名都要到，基本定義要背下來比較好，各位加油了，有傳聞說老師偏心
請生成微積分(上)課程的正面心得並限制在89字內,微積分(上),正面,89,靠老師的上課筆記、講義後的練習題及考古題做完基本能及格，是能自學的一門科目，需要一些高中的微積分知識，老師不太在意出席及遲到，上課吃東西也沒關係，主要是靠刷題就能拿到高分的一門課
請生成計算機概論(一)課程的正面心得並限制在89字內,計算機概論(一),正面,89,經過CAL的洗禮，我寫C語言的能力確實有增加，最大的問題是在閱讀理解題目，在了解題目含義時花了許多時間，老師上課很幽默，基本上只要有認真最基本可以在周一5點前完成，值得認真上可。
請生成人生哲學課程的正面心得並限制在87字內,人生哲學,正面,87,簡單來說不是涼課，尤其是期末報告，請慎選組員。 期中期末的心得省思請認真思考，有思考有分，本人約莫打了一個週末，得到的學期成績我個人認為還算滿意。 推薦給課比較少的同學選修。
請生成電子學(三)課程的正面心得並限制在80字內,電子學(三),正面,80,原本覺得電子學很困難，但上過這位老師的課程之後就發現其實電子學的原理讀通了之後就可以解出許多題目了，而且是十分快速的，這也讓我對其他系上的課程有更多心力去完成。
請生成宗教哲學課程的正面心得並限制在91字內,宗教哲學,正面,91,老師很用心準備課程內容，課程中會介紹不同的宗教和不同的觀點，上課態度很重要，老師不喜歡台下的同學做自己的事、滑手機，寫期中閱讀報告的書要真的看過不可以用電影替代，一但發現以抄襲辦理。
請生成企業概論課程的正面心得並限制在115字內,企業概論,正面,115,我們這組有三分之一的外籍同學，溝通上最大的困難是語言不通，但其實透過翻譯機或是比手畫腳都還是可以了解彼此的意思；大家會每週開會一起討論對專案的想法、如何執行或是遇到的困難如何解決，也有學會如何向他人推銷以及利用社群平台推廣商品等等
請生成微積分(上)課程的正面心得並限制在91字內,微積分(上),正面,91,老師算人很好 成績四次考試完全不會調分 就好好念書應該就可以拿高分 都是課本後到習題除非真的很混拉 平時成績10分都會全部給算是還不錯 不太點名的 就差不多開學一次 期末會偶爾點個名
請生成刑法總則課程的正面心得並限制在84字內,刑法總則,正面,84,上課會有自己在長腦子的感覺 最大的啟發就是讓自己不會在當個雙標仔，並且日後看到關於法律類的相關訊息時，能更好的去思索這個法條存在的意義與判斷此是否合乎法律上的各項原則。
請生成商業英語會話(二)課程的正面心得並限制在157字內,商業英語會話(二),正面,157,修這門課不必擔心英語不好的問題，老師說話也沒有口音，語速也不快，是可以聽得懂的，上課內容也不會很艱深，而且舉手回答問題都可以加分，所以大家都會踴躍舉手回答，答錯也沒關係。平時考都是採口說考試，老師會預先給題目，大家要回家把講稿寫出來，考試當天抽考，這種方式可以大大提升自己的英文寫作能力以及口語表達能力，值得推薦!
請生成投資學課程的正面心得並限制在153字內,投資學,正面,153,大學期間修過很多劉文謙老師的課，雖然作業很多常常寫到崩潰，影片實數看起來也不長，但實際上下來加做筆記會發現實際花費的時間遠遠高過課程時間，不過這樣的學習方法真的很扎實，可以學習到很多投資觀念，上課是採取遠距教學，講授方式很仔細，就算不懂的地方也可以重複觀看到懂為止，這樣的學習方法雖然耗時，但效果真的很好。
請生成財務管理(二)課程的正面心得並限制在158字內,財務管理(二),正面,158,這堂課程將上學期的財務管理(一)所學進一步延伸至企業管理能面，可以學到企業如何經由分析報酬、風險、資金成本、財務槓桿、資本結構、股利支付策... ...等多項因素來做出經營決策，老師上課的語速偏慢，所以遇到較難的地方或是課程練習題可以慢慢跟著老師的步調思考，不會因為步調太快而錯失知識點，對於觀念架構的構築很有幫助。
請生成國際財務管理課程的正面心得並限制在124字內,國際財務管理,正面,124,這門課雖然是全英語授課，但老師在每講完一頁PPT都會用中文再把講過的地方大概說一遍，所以不用擔心從頭到尾都聽不懂的問題，加上是遠距授課，所以影片都可以看很多次，也能自由安排上課時間，很方便，考試的話也很簡單，有認真看影片和練習題目的基本都能答出來。
請生成財務計量分析課程的正面心得並限制在158字內,財務計量分析,正面,158,這門課認真上其實可以學到很多軟體應用，讓你處理數據的軟體不再只是侷限在基礎的Excel，但很可惜平常上課內容真的頗為無聊，所以很多時候我都是呈現閃神的狀態，或是在讀別科的書，所以很多理論都沒學到，只有教軟體操作的時候是醒著的。這門課考試的話其實都很簡單，期中考和期末考會有很大一部分會從平時小考出，所以要考高分不難。
請生成企業倫理課程的正面心得並限制在124字內,企業倫理,正面,124,這門課是採半實體半遠距的方式授課，遠距課程話就是看老師預錄的影片，可以學到倫理道德在不同領域的益處以及衍生問題，老師也會搭配很多實際案例，讓大家更容易吸收，每周也都有考試跟議題討論，有點麻煩；接近期末還會有專題競賽，認真做的話前三名還可以拿獎金。 
請生成運算思維與程式設計課程的正面心得並限制在105字內,運算思維與程式設計,正面,105,"課程以C語言為基礎，導入專題式學習(Project-Based Learning, PBL)教學方法，通過專題實作，運用開發板解決實務問題的方式，深入學習C語言的概念、語法和應用，增強合作學習和解決問題的能力。"
請生成音樂中的歐洲人文課程的正面心得並限制在85字內,音樂中的歐洲人文,正面,85,這堂課能非常輕鬆就拿分，只要期中期末作業有交而且上課完回答問題就能拿很高的分數，但要記得點名，因為是遠距課程所以其實看影片時也可以做自己的事，老師上課講的一些故事很好聽！
請生成JAVA物件導向程式設計課程的正面心得並限制在135字內,JAVA物件導向程式設計,正面,135,如果沒學過物件導向的程式語言，透過這堂課認識一下挺好的，畢竟跟C的架構不大一樣。 期中考開書考，但大家成績好像沒很好，其實也不用太擔心只佔25%，剩下的75%拿滿很容易。 總結是個不錯的課，不會有需要思考很久怎麼寫的題目，主要還是基本語法、概念介紹，以及一些套件的使用。
請生成工程數學(二)課程的正面心得並限制在90字內,工程數學(二),正面,90,整個學期上完之後，真的獲益良多，老師上課非常認真，筆記抄多，要跟上速度，但是老師原則上都會等，如果有聽不懂的地方，老師也都很願意在解釋一遍，要認真理解，因為其他科目也有可能會用到。
請生成量子化學課程的負面心得並限制在95字內,量子化學,負面,95,這堂課的考試都很難，老師讓我們開書考，偶爾有訂正加分的機會，他給分有時候會不公平，看人給分，主要是考黑版內容的，可以將黑版拍照印下來開書考比較好找答案，總之因為量化太難也沒辦法理解所有內容。
請生成商業英語會話(一)課程的正面心得並限制在158字內,商業英語會話(一),正面,158,其實一開始要上這門課的時候有點擔心，因為很久沒有接觸英語口說了，加上網路評論都說她講英文會有口音，但整學期上下來我覺得祝老師的課真的很輕鬆，講話也不會有口音，問問題如果你不會也會慢慢引導你回答，真的對不敢說英語的人幫助很大，可以大大提升自信心。課餘也會有很多額外的加分方式，考試也都不會很難，所以要高分通過不是問題。
請生成群論課程的正面心得並限制在87字內,群論,正面,87,這堂課的分數不好拿，尤其期中期末考的趴數佔比很重，回家要一直複習老師上課的筆記，是物理化學的基礎所以要扎實的打好底子，老師考試都考考古題，幾乎一模一樣所以只要有讀有背就有分。
請生成籃球(女)一課程的正面心得並限制在99字內,籃球(女)一,正面,99,這堂籃球課是體育課中算涼的課程，老師通常只上一節課，雖然要跑800公尺，但其實老師會放水一點點而且沒過還可以補考，考試要考投籃和三人八字，但基本上很簡單也很好拿分，每堂課都有到老師都會給80分以上。
請生成永續發展與環境保護課程的正面心得並限制在95字內,永續發展與環境保護,正面,95,這堂課是通識中很涼的課程，主要是非同步遠距，每週只要完成老師規定繳交的作業即可，作業內容都非常簡單，有些基本上都是100分，期中期末考在上課ppt裡就能找到答案，是一個很容易拿分的通識課程。
請生成有機化學(二)課程的正面心得並限制在84字內,有機化學(二),正面,84,這堂課的老師人很好，學期成績用期中期末考來評分，雖然占的趴數很多但是老師會調分，有機化學不好學而且超級難，期中考都考課本習題，但期末考超難，要回靈活運用老師上課的內容。
請生成財務金融專題課程的正面心得並限制在137字內,財務金融專題,正面,137,這門課程提供了讓我能夠深入研究一個特定的財務或金融主題機會，並學習如何撰寫一篇完整的論文，在這個過程中，我不僅學會了如何進行有效的文獻查詢和資料收集，還培養了分析和解決問題的能力。在第一節課老師也都會給大家分享進其實是以及一些資料數據處理方式，這都對於專題製作有很大的幫助。
請生成財務報表分析課程的正面心得並限制在138字內,財務報表分析,正面,138,這門課是採取半實體辦遠距的方式， 透過整學期的學習，我可以了解企業的財務狀況，通過分析我學會了如何評估企業的盈利能力、財務結構和經營績效。老師的授課方式也很生動，不會枯燥想睡，讓我了解到各種財務指標的含義和應用，也增強了我對投資和財務決策的分析能力，整體而言是一門不錯的課程。
請生成統計學(二)課程的正面心得並限制在98字內,統計學(二),正面,98,這門課的課程很扎實，老師教學方式淺顯易懂，雖然功課量有點多，但可以幫助我們對於統計更融會貫通，加上是遠距授課，可以讓我們更自由的安排讀書時間，不會的地方也可以一直反覆觀看，效果比實體上課要好很多。
請生成實用英文（一）課程的正面心得並限制在99字內,實用英文（一）,正面,99,這堂課老師常常在上課會有加分活動，基本上有做就能加到很多分，每堂課都有點名的話老師期中考會加分，期末成績老師希望每個人都很高所以會一直加分，因為是早八很難起床，通常老師第二節才點名所以可以稍微賴床。
請生成宗教哲學課程的負面心得並限制在102字內,宗教哲學,負面,102,這堂課老師會不定時點名和出作業，一次作業占10～15%，沒去上課的話可以補交但是分數不高，期末考很難，但如果跟老師說有沒有加分的機會他會另外給你提高分數的作業，自己覺得每節課都去不一定期末成績會比較高分。
請生成信號與系統課程的負面心得並限制在92字內,信號與系統,負面,92,學了一整個學期還是不清楚在學什麼，上課講話十分含糊，要注意老師會突然說要小考，如果該班惹他生氣出席率過低等等的原因，有可能該班的期中期末考會突然很難因而被當掉。備註：老師比較不會當女生
請生成生活中的工程與科技課程的正面心得並限制在83字內,生活中的工程與科技,正面,83,知識探索：能培養多元領域學習的興趣；能統整跨領域的知識；能持續從事跨領域的學習。 溝通技巧：能具備清楚表達的能力；能理解他人口語與非口語的訊息；能建立良好的人際關係。
請生成 俄文(一)課程的正面心得並限制在80字內, 俄文(一),正面,80,老師人真的很好、很溫柔、很有耐心，在這堂課我學到了俄文字母和很多單字及一點點文法，每天都在唸俄文給朋友或家人聽感覺超有成就感的！想推薦給喜歡嘗試各種語言的大家！
請生成線性代數課程的正面心得並限制在135字內,線性代數,正面,135,老師會先要求看他自己錄的影片，時常蠻長的，後期有比較少。上課會帶自己出的題目隨機問班上同學，通常是考觀念或出好算的題目來練習，所以課前儘量把影片看完，不然很容易上課聽不懂，他不會再把概念講一次。 有問題都可以去問，老師都會解答，約課後也可以。人很好很用心，但就是不能混。
請生成普通化學實驗(一)課程的正面心得並限制在111字內,普通化學實驗(一),正面,111,這次化學實驗真是讓我大開眼界！從玻璃器皿到化學試劑，感覺自己變身成了科學家。雖然有點小手忙腳亂，但看著顏色變化時那種成就感，真的是超爽的！就算實驗過程有點像魔法燉菜，至少我沒讓任何東西爆炸。總之，這學期的實驗課真的收穫滿滿
請生成公民參與課程的正面心得並限制在90字內,公民參與,正面,90,在這堂課當中，老師每一堂課都會講解有關公民參與的課程內容，像是歐洲、亞洲政體的轉變、思想等。上課以不干擾老師上課為原則，要滑手機或是睡覺都可以，上課方式自由，不強制同學一定要聽講。
請生成半導體元件課程的正面心得並限制在100字內,半導體元件,正面,100,可以學習很多關於能帶偏移等等的結構圖，上這堂課主要就是要會記憶那個能帶偏移的圖怎麼畫以及他的工作原理老師很愛考畫圖，所以要有美術天份。另外這堂課因為內容較深老師會允許期中期末可以帶a4紙記得要好好濃縮
請生成世界音樂賞析課程的正面心得並限制在80字內,世界音樂賞析,正面,80,老師很認真，我也學到了很多有關音樂的知識，每堂課也都聽了很多不同的音樂，對於有音樂背景的同學應該會很喜歡。但是組員真的要靠運氣，我這組的組員只有報告當天全員到齊
請生成前瞻時尚與潮流課程的正面心得並限制在101字內,前瞻時尚與潮流,正面,101,價值判斷：能尊重多元價值；能進行價值的反思；能提出個人的價值判斷。 溝通技巧：能具備清楚表達的能力；能理解他人口語與非口語的訊息；能建立良好的人際關係。 透過全英文報告以及師生對談，培養國際化之發表能力
請生成分析化學課程的正面心得並限制在88字內,分析化學,正面,88,這堂課是環境工程與科學學系的學生必修課，但不相關科系如果對這方面有興趣也可以上上看，老師人很好，講課也認真，上課如果認真聽也可以得到很多分析化學相關知識的收穫噢，也會感到有趣！
請生成航運物流規劃概論課程的正面心得並限制在109字內,航運物流規劃概論,正面,109,老師人還蠻好的，不常點名，會和同學互動。期末報告雖然有限時間，但如果超時還沒報告完老師會讓你講完，不會趕人，報告完會給一些建議和問幾題問題，通常不會太難，答不出來沒關係可以回去查在傳個人報告給老師看，總之是堂蠻佛的課。
請生成射頻通訊積體電路設計課程的正面心得並限制在80字內,射頻通訊積體電路設計,正面,80,這堂課還蠻輕鬆的有兩次小考都是在期中考和期末考的前一個禮拜，考試內容都是老師上課ppt裡面的內容，考試也可以看課本，只要考試都有來考基本上一定會過的，非常簡單。
請生成物件導向設計課程的正面心得並限制在83字內,物件導向設計,正面,83,這堂課要一直交作業，雖然網路都能查到但還是有點麻煩，而且上課內容有一點深度，如果基礎不紮實的人可能有困難，不過期中期末考都會提前發題目讓大家回去想，但題目很難就是了。
請生成生醫工程導論課程的正面心得並限制在88字內,生醫工程導論,正面,88,上課基本上沒什麼在聽課，老師也不會管學生在做什麼，主要是要寫課後的練習題，組員互相討論，10分鐘就可以寫完了。有些醫療方面的知識，如果很有興趣的話，可以選這堂課，分數也還不錯。
請生成租稅原理課程的正面心得並限制在87字內,租稅原理,正面,87,基本上考試前就是都在背，分數有背就有，沒背背的不完整就是不高，老師想要的答案就是簡報上一摸一樣，沒有刪減過的那種，平常上課的時候基本上都是自己混自己的，大部分不用第一節就到。
請生成合作事業與經濟發展課程的正面心得並限制在85字內,合作事業與經濟發展,正面,85,這堂課非常的輕鬆，只需要去坐著聽老師上課就可以了，老師會講有關經濟的故事，而且老師人很好不會管你在幹嘛，就算你不去上課也都可以，平常也會提早讓你下課，不會拖到放學的時間。
請生成材料與生活課程的正面心得並限制在88字內,材料與生活,正面,88,修習完這堂課後，我學習到原來生活中每個地方都跟這堂課教的內容息息相關。 老師上課也不會無聊，常常講到一些生活中的例子讓你更了解如何運用。 而且對於自己選到課但怕分組的人很友善。
請生成公民參與課程的負面心得並限制在163字內,公民參與,負面,163,這門課是我修過最詭異的一門課，點名10%分數，但你不來直接扣30分，請假兩次以上扣15分，3次30分，不管任何原因都扣，另外老師討厭搭便車的人，但老師不會看學生互評，他會「主觀」判斷你是不是再搭便車，如果他覺得你是，你去跟他解釋也沒用，分數直接被扣爛，或者直接當掉你，請注意，就算你有做報告，沒有翹課，也是有可能莫名其妙被當。
請生成 微處理機系統課程的正面心得並限制在93字內, 微處理機系統,正面,93,這個老師的課程都很輕鬆，這門課也不例外，因此被當過的人大推修這個老師的課，我也翹課過幾次，也沒什麼問題，不過還是建議好好上課不要翹課啦，但是上課進度會比較慢，真的想學東西還是選其他老師的
請生成物理冶金學(一)課程的負面心得並限制在100字內,物理冶金學(一),負面,100,老師上的不錯，這堂課也是材料系所有學生的必修課，所以需要認真學，但是這個老師有發生過一些不好的事所以不建議修他的課，還有在給分數的部分也非常奇怪，尤其是出缺席的部分，要修他課的學生們需要做好心理準備。
請生成物聯網感測電路設計課程的正面心得並限制在81字內,物聯網感測電路設計,正面,81,這堂課有兩次小考可以看老師給的ppt寫，期中考和期末考也是可以開書考，老師很佛考卷裡的內容ppt裡都找得到，點名是隨機的，不一定每次上課都點，老師想起來就會點名。
請生成臺灣博物館入門課程的正面心得並限制在195字內,臺灣博物館入門,正面,195,老師是一個很重視原則的人，不管是對學生或對他自己，上課時他允許你做自己的事，但不要交談影響到他或其他人上課；他上課總是穿著正式的西裝，不遲到不拖課，內容紮實態度認真，跟著他上課自己也莫名的變的很認真XD 課程中學到的博物館學方面的理論基礎跟實務經驗，我個人覺得很特別，如果不是在相關科系就讀，應該沒有機會接觸到這些知識，老師是用最淺白的言語向我們講述了專業的領域，一個學期下來真的受益良多。
請生成交通肇事鑑定實務課程的正面心得並限制在114字內,交通肇事鑑定實務,正面,114,本課程是一般人較少接觸到的事故鑑定課程，生活中我們只要出了門，我們就會使用交通工具，過程中透過老師對於課程的講解，讓我們在未來面臨自己發生事故或視需要進行調解鑑定時有更多實用知識與不一樣的觀點，也能夠在發生事故時不至於過度慌亂。
請生成資料庫管理系統課程的正面心得並限制在121字內,資料庫管理系統,正面,121,上課輕鬆，點名也可以當天補點，相對上課內容只有PPT輸入，無實際練習操作，最後一節課剩下的時間通常給小組討論。 期中只是決定主題並繳交相關資料來源與ERD圖，期末報告需以word操作說明配合PowerBI呈現，老師會狂提出問題要做好心理準備。
請生成軟性電子材料與技術課程的負面心得並限制在80字內,軟性電子材料與技術,負面,80,因為根本沒人想上他的課，第一堂就因為人不夠快被倒課，只好把他的碩班生全部加進來湊人數才好不容易開起來，所以他根本不會當人，我都沒去有交期中作業、期末作業就過了。
請生成生物統計課程的正面心得並限制在89字內,生物統計,正面,89,在這堂課學到許多以前沒學到的東西，例如機率分佈中的常態分佈、信賴區間，假說檢定中的變異數分析，線性回歸，無母數分析等等，雖然與高中之前學到的變異數此類很相似，但是其實非常的不同。
請生成鋼琴音樂萬花筒課程的正面心得並限制在85字內,鋼琴音樂萬花筒,正面,85,我覺得修過這堂課之後，我的英文聽力能力有提升的感覺，基本上整堂課不太會有很多的中文，報告也是全英文報告，在準備上真的可以學習到蠻多英文的，也知道了幾個原本不認識的音樂家。
請生成邏輯設計實習課程的正面心得並限制在87字內,邏輯設計實習,正面,87,這堂課是一堂你有認真學一定會有所收穫的課程，老師雖然偶爾嚴厲，但整體來說很不錯，整本書而言，最難的 應該是布林代數到Kmap的那一兩章節，請務必讀熟，之後很多章節都會一直用到
請生成資料庫系統課程的負面心得並限制在135字內,資料庫系統,負面,135,如果想要得高分的話建議上課還是可以聽一下老師上課然後做筆記，但老師感覺沒在備課都是照簡報念，所以很多時候都會講錯或卡住，建議不懂的部分可以自己查一下(有的章節網路上會有中文版)或是直接問老師叫他解釋清楚。回家後要固定複習，不然前面不懂的話後面很多內容都銜接不上會更不懂。
請生成系統程式課程的正面心得並限制在82字內,系統程式,正面,82,雖然這堂課偏硬，但只要有好好跟著課程進度做複習然後上課有認真聽的話，考試的分數不會太差。尤其是有扎實做過程式的組合語言作業後，會覺得學到的知識有被實際應用到的感覺！
請生成物理化學實驗(二)課程的正面心得並限制在83字內,物理化學實驗(二),正面,83,這節課是將實驗分給每個組，每組看完實驗步驟經過幾個禮拜的實驗課後，整理出ppt.word和影片給之後要做這個實驗的組別。很喜歡這種上課方式，遇到不懂的地方不怕沒人問。
請生成品質管制課程的正面心得並限制在108字內,品質管制,正面,108,上課會實際操作Minitab，我覺得非常實用，老師很喜歡學生發問，可以多舉手發問或是回答問題！總成績105分，其中有五分是看上課筆記，所以會超過100分，雖然最後成績只會給100，但推薦給推甄的同學。但一定要認真上課
請生成X光繞射原理課程的正面心得並限制在100字內,X光繞射原理,正面,100,老師非常熱心，也很好聊天，但會笑的你心裡發寒，上課的部分也非常認真，有自己的堅持例如手機如果發出聲音就是沒收，如果沒有人承認就不繼續上課，簡單來說要敢作敢當！然後這堂課只要稍微學習一下其實也非常好過。
請生成無機材料化學課程的正面心得並限制在89字內,無機材料化學,正面,89,老師非常認真且有趣，上課也非常自由，只要不干擾到老師基本上什麼事都可以做，因此需要一定的自制力才能專心的聽老師上課，另外老師也非常熱心的協助學生解決問題，非常好聊天，也非常好過！
請生成華語教材教法課程的正面心得並限制在100字內,華語教材教法,正面,100,原本就是跟一群朋友去選修這堂課，但其實他沒有想的那麼輕鬆，除了每週點名，課程時間對於日間部也不太友好，期中考要稍微準備一下，老師會開放補考但儘量還是一次過，課程也有小部分外國人修習，但我覺得不太適合。
請生成非商業背景會計學課程的正面心得並限制在233字內,非商業背景會計學,正面,233,修習這門課程原是為了了解基礎會計、培養財務素養，學習解讀和分析報表，進而提升財務管理能力。老師的課程內容相當完整，一開始沒有任何會計底子的我，光是認識每個項目所表示的內容、分析報表，及統整學習單範例裡各項資料以做成報表，就讓我覺得很有難度，但透過穩紮穩打的課堂內容及不斷接觸的四大財務報表，還有老師帶著我們熟悉查找目標公司的資訊，我也能簡單看懂公司財務報表，所以若只是想選涼課可能要稍微繞道，但期中考題不會特別刁鑽，只要有好好完成課堂習作、準時繳交，分數是不差的喔。
請生成合作經濟學課程的正面心得並限制在91字內,合作經濟學,正面,91,學到了合作經濟的相關知識，參訪了合作社後對於地方共生的相關概念有了更多的了解與認識，老師會補充很多相關的知識讓我們更加的了解合作經濟的意義和價值；分組報告的方式讓我們有更多思念面向。
請生成 化粧品科學與生活時尚課程的正面心得並限制在97字內, 化粧品科學與生活時尚,正面,97,老師都會跟著時事一起講，每次上課內容都很豐富，也很實用，就算是沒有化妝品基礎或是化學底子的人來上課，老師都可以講的很清楚，讓你可以很容易理解我們在上什麼，如果原本對化妝品有興趣的人，大推來上課！
請生成越南地理與文化課程的正面心得並限制在155字內,越南地理與文化,正面,155,老師找的有關於越南地理和文化的各種影片挺有趣也挺有意義的，透過影片與老師的講解帶大家看到不同以往的越南以及加深大家對越南的知識。因為老師常常會問問題(答對可加分)，大家也都很踴躍發表回答，自然對於課堂中所學到的知識就很有印象！ 老師本人也超級nice~有不懂的問題去問老師都很願意花時間講解。是位很認真的老師~
請生成戀愛心理學課程的正面心得並限制在96字內,戀愛心理學,正面,96,學到了很多有趣的內容啊，而且依照老師的說話模式，感覺他一定是水瓶座的哈哈哈哈，瘋狂的講水瓶座的好話！這我很滿意！因為我也是水瓶座的哈哈 推推大家來選 但是有點難搶哦！！有事沒事就刷刷加退選吧！
請生成 數位信號處理課程的正面心得並限制在110字內, 數位信號處理,正面,110,上課建議抄筆記，通常小考的題目都是筆記上的類似題，然後期中、期末考的題目都與前一次小考高度類似，故小考及小考檢討不要缺席，然後這堂是選修，陳孝武老師會救你的分數，我同學照配分期末要考135分總成績才會及格，但最後還是過了
請生成光電半導體元件導論課程的正面心得並限制在88字內,光電半導體元件導論,正面,88,因為我接下來不打算走光電，想要走電子電機半導體組，所以我認為這堂課對我來說受益良多，因為他剛好涵蓋我研究所考試所需考的內容，以及這堂課老師真的很認真，仔細聽可以得到很大的收穫。
請生成生態旅遊課程的正面心得並限制在211字內,生態旅遊,正面,211,老師主要上課是上，一些需要被保育的動物，他們可以在什麼地點看到，生態觀光、旅遊等等的，跟你說可以怎麼玩，會配合一些影片，很多都是原本不知道的，有時候會上到很想親自去看看，感覺很好玩。但是我偶爾會上到很想睡就是了，老師講到一些比較生態理念的時候。然後老師很重出席，每次都會點名，有時候考試的東西，會出現在影片裡面，沒來上課就不知道答案。考試大部分都在PPT裡面，但老師常常說，通常來上課就不用什麼讀～所以大家還是乖乖來上課嘿
請生成保險法課程的正面心得並限制在80字內,保險法,正面,80,學習到蠻多基本的保險知識，有些重要的鐵原則啊，雖然現在沒有要保保險，但還是蠻有用的，老師上課還是有一點點無趣，因為就是一直講，但老師人還是蠻好的，學到了蠻多的。
請生成建築概論課程的正面心得並限制在106字內,建築概論,正面,106,我對建築的基本原則和設計概念有了更深入的了解。這門課程涵蓋了建築歷史、設計流程、材料選擇等主題，讓我對建築領域有了更廣泛的視野。 透過課程中的案例研究和實際設計項目，我學會了如何考慮空間配置、功能需求和美學價值。
請生成文學與生活課程的負面心得並限制在82字內,文學與生活,負面,82,個人實在是沒有到太推薦此門（就身為通識而言）如果對文學一點興趣都沒有健議可選其他堂，每堂都有作業要繳交，老師給分偏主觀，會一直抽人並上課隨機評價同學作業，氛圍有點尬
請生成道教文化與術數課程的正面心得並限制在211字內,道教文化與術數,正面,211,可以了解道教的文化，我最喜歡的是，老師會講符咒、紫微斗數、米卦、算姓名等等，我覺得超酷，老師會開放幾個名額，直接在課堂上幫你算，下課有其他問題可以去找老師討論，是很專業的老師。然後老師有一個很酷的評分方式，『自評分數』，學期快結束時，老師會請每組組長統計每個人的自評分數，自己覺得自己在這堂課。應該得到的分數是幾分，老師在打分數時，會參考這個分數。想探討或好奇道教文化的人，大推薦來修這門課！然後當老師的小老師可以加分喔！
請生成智慧財產之保護與實務課程的正面心得並限制在108字內,智慧財產之保護與實務,正面,108,一開始上課就會說明期中期末只要交作業就行，個人作業，不用上台報告、分組，完美迴避各種社交障礙。上課內容使用PPT教學，會帶生活實例講給大家聽，而且只要上課不說話，老師都沒差，可以睡覺玩手機讀別的書他都很ok，優質課。
請生成 Web程式設計課程的正面心得並限制在173字內, Web程式設計,正面,173,網頁設計跟背後的程式等等，老師要求的都滿簡單的，很建議轉系生先來修，而且老師人很好，有問必答，課程都按進度，不會太快，還會關心你的專題進度，期末專題是自己找組別，遇到雷隊友就要自己扛期末專題會辛苦喔，建議還是跟認識的人一起修！ 不過自己扛的話老師要求的東西就會比較少～ 這個老師開了很多類似的應用設計課 配分跟模式都差不多，喜歡的話，建議都修一修
請生成化學反應工程課程的正面心得並限制在82字內,化學反應工程,正面,82,學到了很多不同的反應器設計。這堂課有無考古題真的很重要，很多題目都跟考古題一樣或類似，記得去跟學長姐要考古題，如果考試可以openbook 記得去印老師的上課講義。
請生成輔具設計與開發概論課程的正面心得並限制在107字內,輔具設計與開發概論,正面,107,學到很多輔具產品設計與應用的基本概念，藉由參觀第一輔具中心和全國輔具展，也能讓自己對更多輔具有更深入的認識。 另外，這堂課常常有線上上課，只要是線上課就會有作業，是簡單的，老師人很好，分數很甜！基本上是堂輕鬆的課。
請生成數位邏輯與實務課程的正面心得並限制在97字內,數位邏輯與實務,正面,97,這堂課有時候真的聽不懂老師在講什麼，但是基本上不太會當人，回家要自己念書，期中考期末考真的不會太難，真的不會寫的話，把題目抄一遍在答案處，老師也會讓你過！老師人真的很好，只是內容真的是艱深難懂。
請生成《金瓶梅》與情愛關係探討課程的正面心得並限制在90字內,《金瓶梅》與情愛關係探討,正面,90,分組作業很重要，學到要怎麼跟組員溝通跟分配工作。小組報告說書時學到如何把別人沒聽過的故事講得很生動，另外還要提出一些性別相關議題，這個部分讓說書不再只是說書而已，還帶了反思的作用。
請生成生理學課程的正面心得並限制在146字內,生理學,正面,146,雖然不點名，但是推薦前幾堂課可以去聽看看，我個人蠻喜歡主授老師的教學方式，除了他講話幽默，他覺得重要的東西他就會講很久很深入，而且是透過一些很有趣很棒的例子讓大家去記得一個概念，雖然會影響到進度，但至少這個重要概念大家學會了、理解了，再加上他很有誠信沒有考超過他進度的東西，所以我覺得他很棒。
請生成微生物及免疫學課程的正面心得並限制在168字內,微生物及免疫學,正面,168,原本以為這堂課會很困難，但是上完之後發現這堂課比較靠記憶力，所以其實不會很難，大家可以放心去修。 我自己覺得用看powercam評分取代實體點名其實還蠻不錯的，對於學生來說不一定要到現場去聽實體課，可以選擇聽powercam，時間安排上比較彈性。 這堂課因為是多個老師合開，所以每個老師的教學風格都不同，但我自己覺得他們都是教得不錯的。
請生成基本護理學課程的正面心得並限制在129字內,基本護理學,正面,129,基本護理學的內容比較瑣碎，雖然考試的內容大多從老師出的教材就可以看得到，但我個人還是覺得看課本會比較詳細，因為課程時數有限，老師不可能把這些所有瑣碎的事情全部講過一次，還是要靠學生自己回家多翻書，有滿多東西是實習的時候可能會用到的，所以還是多記一些會比較好。
請生成藥理學課程的正面心得並限制在154字內,藥理學,正面,154,藥理真的是一門很困難的課，有時候讀完一部分之後會想不起來自己剛剛到底讀了什麼，好不容易記起來點什麼，看到題目的時候又開始懷疑自己到底有沒有讀書，是一個讀起來會很挫折的科目，但是老師會盡量讓大家過，老師期中考完之後有說他大概會當幾個人，期末的時候他也遵守承諾就當差不多那個數目的人數，其他能救的他還是有救起來。
請生成災難護理學概論課程的正面心得並限制在136字內,災難護理學概論,正面,136,整個學期最有用處的內容就是實作課程，會請外面的人來幫忙上課，可以學到包紮和傷患搬運等實用技巧，未來在面對災難的時候可以幫助救災。 另外課程還有一堂課會去參觀防災應變中心，可以看到這些防災工作人員實際上在怎樣的地方工作、以及他們運用怎樣的工具在保護這個城市，是個有趣的體驗。
請生成貨幣與文明課程的正面心得並限制在269字內,貨幣與文明,正面,269,我是北大來跨校選修的，因為這堂課當時疫情期間可以遠距上課，這樣的模式對我來說比較友善，每堂課老師都會上傳講課的影片，大概快兩個小時，看完會有一個隨堂測驗，我就先看題目再看影片可以比較快抓到重點，但有時候網路上也找不到答案，所以要很認真看!!我都每個禮拜五晚上七點到十點都固定處理這堂課的事情 期末是要上台報告 但因為我不是北醫的 我就全程採取線上模式交給老師 我自己一組 然後主題就是創造一個自己的貨幣~ 我這學期很認真給予FEEDBACK所以老師也給很高分92 對我來說遠距然後只要看影片做作業已經很涼了 缺點是你是認真要花腦袋去思考的
請生成成本會計課程的正面心得並限制在90字內,成本會計,正面,90,真的超愛老師，認真上課又負責任，還很為同學著想，推薦不是本科系的學生也可以來修，老師教到淺顯易懂又真的很有內容，學會之後會覺得超有成就感！對財經領域有興趣的未來也會很受用，大推！'
請生成清華人的國際行動力培力課程的正面心得並限制在155字內,清華人的國際行動力培力,正面,155,這門課每周都會請許多不同領域的人士來課堂當中進行演講，幾乎每個講者都有到國外工作的經歷，若順勢帶到專業領域的話大部分也都是理工科居多，所以如果是文組要選這門課的話可以稍微考思考一下再做選擇。給分的部分不確定最後兩篇報告的分數是多少，但如果每堂課都有出席+報告認真寫+挑幾門感興趣的講座紀錄內容，基本上一定會過!
請生成中高級英文二課程的正面心得並限制在118字內,中高級英文二,正面,118,老師開設這一學年的中高級英文很涼也很甜，一學期只有兩次報告+兩次考試，但是這門課蠻看出席率的，每周幾乎都會點名，如果每堂課出席可能會增加印象分數之類的(?)所以若想要輕鬆拿到校定的這2學分可以考慮這門課，但若想要真的學到東西的話較不推…
請生成藝術經典：近代建築藝術發展源流課程的負面心得並限制在114字內,藝術經典：近代建築藝術發展源流,負面,114,整學期的課幾乎都是以老師講課為主，3小時的課很容易聽到後面就開始想睡覺（老師講話很含糊），如果真心想要學到東西的話不太推這堂課，但如果想要輕鬆拿到學分的話推推這門課，只有3份個人報告和1份小組報告，整體loading不會很重XD
請生成服務學習--藝術創意空間服務課程課程的正面心得並限制在118字內,服務學習--藝術創意空間服務課程,正面,118,這門服務學習很涼也很甜，只要指定時間到展區簽到顧展，顧展的時候可以做自己的事情，只是要留意有沒有人進來參觀，如果有的話要記得紀錄參觀人數～萬一時數沒有湊滿30小時的話，也可以利用佈展、策展、另外一個展廳支援等方式湊時數，整體而言大推～！
請生成幼兒觀察課程的正面心得並限制在82字內,幼兒觀察,正面,82,這門課的上課方式超級規律，講課、入園觀察、寫作業，三者無限循環，需要交作業的次數偏多但是都不會很難，組員的挑選也很重要，遇到好的組員會上天堂，遇到不做事的會很累XD
請生成文學經典：《詩經》選讀課程的正面心得並限制在94字內,文學經典：《詩經》選讀,正面,94,雖然我一開始的動機是因為我喜歡唱歌才點這堂拉，這堂課可以當作國文課在上，很久沒碰古文，再碰到的感覺其實蠻不錯的，雖然我期中只考了70附近，結果最後還是可以拿到A，蠻出乎意料的，所以真的很推
請生成教育的國際視野課程的正面心得並限制在124字內,教育的國際視野,正面,124,這門課會請很多講者來進行演講，很妙地是他們大部分都和教育領域有相關，從裡面會聽到不同人對於教育的想法，還蠻特別的XD 雖然作業很多，幾乎每幾個禮拜就有東西要產出，不過作業的loading不會太重，只要認真且按時完成+每堂課都有出席，分數不會太難看~
請生成歐洲聯盟概論課程的正面心得並限制在80字內,歐洲聯盟概論,正面,80,對於歐洲政治經濟及文化有概要的解說，輕鬆無壓力、無負擔，還有有趣的猜歌大賽。考試也很簡單，老師會在考前不斷強調考試重點，很有記憶點，所以課外無須多花時間，很讚。
請生成迷你網球課程的正面心得並限制在140字內,迷你網球,正面,140,如果大家還在懊惱要選什麼好課的話，一定推這堂迷你網球!老師雖然看起來年紀頗大，但身子骨卻依然很健朗，而且只要有任何打球上的問題他也很願意很有耐心地慢慢回答，整堂課的loading不會太重，上課只要有認真上期末考一定會過，and上這堂課兩兩一組的形式一整個學期下來還可以認識到朋~!
請生成理論力學一課程的正面心得並限制在100字內,理論力學一,正面,100,老師的英文有腔調，正常聊天還行，但講到課程內容時聽得比較吃力，幾堂課下來就會習慣了。 考題包括一題作業題，其他部份爆難，平均大概三四十，但只要有認真念、作業認真寫不漏交，老師也不會為難你（分數天使！）
請生成普通天文學一課程的正面心得並限制在112字內,普通天文學一,正面,112,因為上課不點名，也沒有作業，期中考全班平均分數不高，有不少非理工科系同學退選。所以！雖然開書考，還是建議考前至少翻一下老師的網頁，每個章節都附有習題，網路上大多找得到答案。教科書也有公式可以參考。公式背熟了基本上不會有問題。
請生成動物行為學課程的正面心得並限制在233字內,動物行為學,正面,233,有些內容和普生重複，但還是很有趣，特別喜歡老師講解實驗設計邏輯的部分，因為研究動物行為，實驗設計本身非常考驗創意。 老師會放上以前的上課錄影所以不去不會怎麼樣，老師非常nice，還說如果你在課堂上打瞌睡，那還不如回宿舍睡。 建議每週複習當週內容，因為我自己會以為上課聽懂了，回去看簡報才發現有圖我根本不知道它在說什麼，這時候就可以回去看影片或直接問老師。這些事如果考前才做可能會有點辛苦。 這堂真的很像通識課，覺得外系如果有人有興趣可以不用怕內容太難。但本人非外系。
請生成歷史與世界：海洋世界的形成課程的正面心得並限制在102字內,歷史與世界：海洋世界的形成,正面,102,上課基本上就是去聽有趣的故事，不會很枯燥乏味。除了心得外，也不需要繳交其他作業/報告。原本有期中和期末，後來連期末都取消了。期中有預先給題目，所以也是不用擔心。總的來說，超甜超涼，還有pizza吃，超推！
請生成歷史現場：歷史文獻、現地考察與歷史書寫課程的正面心得並限制在106字內,歷史現場：歷史文獻、現地考察與歷史書寫,正面,106,真的被老師引發了對歷史的興趣，老師助教人都很好，分組是助教隨機分組的（會預防同系的人在一組）希望大家多認識新的朋友，杜絕小圈圈，其實有點名但上課的時候基本上全班都在做自己的事，老師不太會管所以基本上沒幾個人在聽的
請生成藝術經典：西洋風景名畫賞析課程的正面心得並限制在60字內,藝術經典：西洋風景名畫賞析,正面,60,自己本身就喜歡畫作，上完老師的課自己還有額外看課外書，發現老師真的把精華都放在課堂上講，所以我認為是非常豐富的一堂課。'
請生成電磁學一課程的正面心得並限制在89字內,電磁學一,正面,89,電磁學從入門到入土，老師講得很清楚，但是考試都是習題，最困難的地方就是要如何把所有習題用手抄到大抄上面，再從大抄抄到答案卷上面，你抄越多習題，分數就越高，根本不需要懂電磁學在幹嘛
請生成歐洲經濟社會史課程的正面心得並限制在87字內,歐洲經濟社會史,正面,87,上課很輕鬆、真的蠻涼，常點elearn看講義好像有加分； 老師在歐洲史方面很專業，也是很有原則的人、很願意聆聽同學的想法； 如果申論文能夠言之有物、方向正確，分數會蠻不錯的！
請生成人類語言的奧秘課程的正面心得並限制在127字內,人類語言的奧秘,正面,127,如果你是有觀察過語言的規律並覺得有趣、想要深入了解的話，這堂課應該會蠻適合你的。我覺得比較困難的部分在於要背蠻多相關的英文專有名詞，但一週大概花1~2小時左右複習上課內容小考就能考得不錯。老師教得非常認真，偶爾會和台下同學互動，我認為是非常扎實的一堂課。
請生成台灣民謠與文化課程的正面心得並限制在86字內,台灣民謠與文化,正面,86,老師上課時常會用唱歌來演示歌謠，有時還會邀請大家一起歡唱或朗誦歌詞，讓我們對歌謠有更深入的了解。如果沒上到課，可以去補看老師的OCW影片。考題會出的有點細，但都會在講義裡。
請生成代數一課程的正面心得並限制在80字內,代數一,正面,80,教得非常好，講解無比清晰。但是教學速度稍慢，一些比較容易的證明老師也會一步步講解。大量作業帶給我們的學習效果是好的，考試不算難，作業有寫應該問題不大。真心推薦。
請生成 應用數學二課程的負面心得並限制在82字內, 應用數學二,負面,82,從頭到尾都不知道在幹嘛，作業又多又難，考試更是難到突破天際。老師教得很爛，簡報糊成一團，表達也非常不清楚，沒有一個等號是能精確說出為什麼的。如果不是必修千萬不要修。
請生成經濟學原理一課程的正面心得並限制在81字內,經濟學原理一,正面,81,教授人超級好，上課有時候會講一些陳年往事，也很積極回答學生的問題。講的也非常清楚，不過這學期上課的人有點少，感覺教授這樣蠻可憐的，不過最後大家都有拿到不錯的分數。
請生成轉譯醫學課程的正面心得並限制在98字內,轉譯醫學,正面,98,兩位老師輪流教學，都是很有熱情而且年輕的助理教授，他們都補充很多業界知識，可以多問他們問題，做為加分。 課後發言還蠻重要的，發言五次即可獲得滿分10分的分數，如果都沒發言就是5分。(差了一個等級)
請生成積體電路設計實驗課程的正面心得並限制在85字內,積體電路設計實驗,正面,85,作業真的非常難，好幾次都和同學看日出，不過真的體驗這門課過後，會有一種很會寫verilog的感覺，推薦大四有空都可以來修，會是讓你verilog能力大增的一門課，推推''
請生成貨幣銀行學一課程的正面心得並限制在99字內,貨幣銀行學一,正面,99,有問題老師都很願意回答，課程內容真的很輕鬆，算是經濟系裡面好拿分用學到很多東西的課。其實若能融會貫通，是能幫助自己做一些理財上的決策，挺推這堂課。只是有時候助教比較嚴格，考試會要求手寫題要寫很完整？
請生成印度文化概論課程的正面心得並限制在96字內,印度文化概論,正面,96,老師上課很活潑有趣，很熱情，偶爾還有現泡印度奶茶跟點心可以吃（很讚）！ 課堂認識印度宗教、環境、女性議題、人力資源分配、種姓、教育狀況等，還會看電影來帶領我們了解相關議題 然後上課氛圍相當輕鬆
請生成傳統中國司法敘事與歷史思維課程的正面心得並限制在83字內,傳統中國司法敘事與歷史思維,正面,83,中國古代有很多案件其實都發生得很有爭議或有其意義存在，探討其背後發生的原因，還有處理方式，可以看出一國國家的風氣與傳統，透過過往與現今對比，可以看出許多在現代的不同。
請生成隨機財務理論課程的正面心得並限制在149字內,隨機財務理論,正面,149,雖然老師是很有實力的人，也看得出他對這門學科的投注程度，課程上有時會有種想睡覺的魔力，但是如果對衍生性商品有興趣的人，想要紮實地學完這一套課程，建議可考慮修這門課，畢竟這是衍生性商品的進階課程，課程比較強調推導，所以有良好的數學或微積分能力是優勢，對數學不擅長的人，老師在課堂也會建議直接死背下來。
請生成排球初學課程的正面心得並限制在80字內,排球初學,正面,80,打的很開心上課很快樂有趣跟同學互動良好，雖然不太會有其他時間是空著的但也剛好可以讓自己動起來。雖然課上有很多已經打到系隊的同學但老師還是會平均分配使用場地的時間
請生成中高級英文三-閱讀課程的負面心得並限制在105字內,中高級英文三-閱讀,負面,105,不喜歡，網路上評價都說不錯，實際選到發現一點都不喜歡，本來以為閱讀課可以不用講太多話，實際上課我還以為我在上聽講課，老師上課有時候也聽不懂因為腔調很怪，每週給的google 文件也寫的很亂，劃重點的方式非常暴力
請生成硬體設計與實驗課程的正面心得並限制在98字內,硬體設計與實驗,正面,98,學到蠻多東西，但真的硬到爆炸。修到現在最累的課，但給分其實還算蠻甜的。前面對Verilog超級不熟，所以前面成績非常難看。還有Lab期中期末繳交檔案及檔名一定要確定正確，不然直接跟你的成績說掰掰。
請生成離散數學課程的正面心得並限制在90字內,離散數學,正面,90,老師很認真教學，特別著重在演算法，會講到很多資工相關的離散內容，畢竟他哥是日本京都大學的資工大佬，也很喜歡證明數學定理給我們看，雖然上課有點想睡，但內容豐富扎實，想學好離散可以來。
請生成自然環境之變遷與永續課程的正面心得並限制在149字內,自然環境之變遷與永續,正面,149,這堂通識課程給了我一個全新的視角來看待人類對環境的影響，讓我跨越了自己學術領域的邊界。從哲學的思辨到歷史的深度，再到科學的奧秘，每一堂課都像是開啟了一扇通往未知世界的大門。這不僅豐富了我的知識庫，也激發了我對於環境的保護和探索欲。通識課讓我學會了如何連結看似不相關的知識，進而理解世界的多元與複雜。
請生成儀器與量測課程的正面心得並限制在91字內,儀器與量測,正面,91,在這堂課裡面，內容包含了許多領域的東西，我覺得單靠自己讀講義可能會不太能懂，因此建議把考古的題目弄懂，因為考試題目幾乎都是考考古。 老師也會教如何寫專題報告，這是比較少見的課程內容。
請生成電影配樂發展史與風格賞析課程的正面心得並限制在94字內,電影配樂發展史與風格賞析,正面,94,想要甜涼學分的來修就對了，而且教育館三樓的椅子坐起來很舒服。 期末報告可以提早完成，這樣不會卡到期末地獄周。 老師挑的電影是007、功夫熊貓、神鬼奇航跟海角七號，個人認為這四部都相當好看。
請生成類比電路設計課程的正面心得並限制在92字內,類比電路設計,正面,92,考試考超級難，上課時都說什麼什麼會考，雖然確實考出來了，但考試的內容超級多，時間內根本寫不完，期末專題的project也出的很難，如果不是必要建議不要選這堂課，超過1/3的人退選或被當
請生成神經生物學課程的正面心得並限制在216字內,神經生物學,正面,216,這是一門全英文的課，老師們英文也都很好，講課整體順暢流利，只是剛開始若對神經生物相關專有名詞沒有一定熟悉度，可能理解上會覺得稍微困難，需要花一點時間複習，有期中考兩次，期末一次，都占三十趴，羅老師有提供他授課部份的重點整理，可以按照提示去準備考試，其他兩位老師可能就必須自己找重點了，但考試如果有拿到考古的話，基本上不算太難，非選的部分會有蠻多類似題，選擇內容讀熟的話，也不算太難；出席的部分，每堂都會在教室前面放簽到單，要去打勾。
請生成科學革命課程的正面心得並限制在153字內,科學革命,正面,153,老師上課真的很有趣，我自己是覺得內容也很有趣啦。了解到以前人認為的世界及他們的想法，這些是一般上課都不會學到的，聽著古代科學家那看似荒謬但又有他的道理的想法就覺得很好玩。小組報告要認真做，但不會說真的很耗時，且評分給滿甜的。考試給分超甜，基本上考前幾天把ppt讀一遍，知道哪些資料在哪一頁，考試就沒問題了。
請生成電動機械課程的正面心得並限制在131字內,電動機械,正面,131,老師很好，上課不點名並且會提供上課錄影，非常方便複習，作業佔了成績42%，而且作業題目都是課本後面的練習題，網路上都能找到參考解答，所以這個42%幾乎都能接近拿滿；期中期末考各佔30%，題目難度都不算很難，只要把作業題目和上課有講解過的例題複習一遍基本就能拿高分
請生成針灸與近代科學課程的正面心得並限制在89字內,針灸與近代科學,正面,89,學到針灸技能和認識穴位，了解中西醫理論的不同，學到中醫與針灸的原理，學到分形連續體混沌波動論與原子論不同看世界的角度，學到分析實驗數據的方法，老師上課講解清楚，樂於回答學生問題。
請生成機械製造課程的正面心得並限制在139字內,機械製造,正面,139,如果不是之後要走製造組或是投入相關行業的話，個人覺得只有期末半導體部分最重要，老師補充蠻多內容的，也有follow不少產業最新發展狀況，想面試台積電的這段知識未來可能可以派上用場xd。(然後個人覺得大家好像對這科蠻不擅長的，畢竟系上不少人討厭化學，不過個人最後學期末90以上過)
請生成計量經濟學（一）課程的正面心得並限制在89字內,計量經濟學（一）,正面,89,老師很歡迎外系的同學上課，兩個學期都有見到外系的同學。老師算是計量界的大咖，講課内容雖然有深度難以理解，但考試時允許帶小抄而且有60%的考古題，還算是比較容易overcome。'
請生成天然災害經濟分析課程的正面心得並限制在103字內,天然災害經濟分析,正面,103,本課程評價兩極化，輕鬆的學生很輕鬆，累的學生很累，取決於每個人需要什麽。如果只是要求及格，本課程沒有作業和考試，只要有上臺報告就可以通過。期中期末報告推薦用stata或者其他軟件做實證研究，不推薦文獻比較。
請生成動物寄生蟲與生活課程的正面心得並限制在83字內,動物寄生蟲與生活,正面,83,雖然寫心得很多也很累，但上完課之後能對寄生蟲有更深沉的瞭解，雖然圖片有時候有點噁心，影片也是但看習慣之後也覺得還好。冷氣很涼座位很舒服，學期中的電影也很有趣但要寫心得
請生成企業政策與策略課程的正面心得並限制在96字內,企業政策與策略,正面,96,可以學習商業模式、價值共創、藍海策略等策略相關議題，我覺得是收穫滿多的一堂課。而且老師會針對某些議題另外再推薦課外讀物，可以感受到老師的用心。老師會希望同學上課前要讀完個案，上課才能一起討論。
請生成癌症生物學概論課程的正面心得並限制在82字內,癌症生物學概論,正面,82,學習了很多不同的機制，也讓我想要更了解癌症，是一門很好的課，專心聽課最重要啦，老師要考的都會講出來，課後再好好整理一下就可以考個不錯的成績了，前提是要用心！！！！！
請生成企業通訊網路課程的正面心得並限制在79字內,企業通訊網路,正面,79,學習到很多網路相關的知識，實作也讓不愛唸書的自己更為對這堂課有認真學習的衝動。此外考試並不難，考試都是上課上的內容，由於上課不能睡覺，其實有去上課就會考試了。
請生成機械材料課程的正面心得並限制在190字內,機械材料,正面,190,上機械材料這門課程讓我深入了解了不同材料的特性、結構和用途。通過學習材料的性能指標、加工工藝和應用案例，我對如何選擇合適的材料來滿足特定工程要求有了更深入的理解。課程還強調了材料的可持續性和環境影響，這讓我意識到在工程設計和生產中考慮材料選擇的重要性。通過實驗和案例研究，我不僅提高了理論知識，還鍛煉了實際問題解決能力。這門課程為我今後在工程領域的學習和職業發展奠定了堅實的基礎。
請生成牙體復形學課程的正面心得並限制在110字內,牙體復形學,正面,110,搭配著實驗課真的能學到蠻多窩洞的處理方法，也會學到一些美觀的技巧，上課老師大部分都很不錯，偶爾也會出國考題給大家抓方向，遇到不會的國考題不要得過且過，馬上去用懂你之後會很感謝自己。總而言之是一堂重要而且收穫頗多的必修！'
請生成中藥與健康課程的正面心得並限制在123字內,中藥與健康,正面,123,講義內容全背起來，尤其是藥材功用與哪個疾病要用什麼方劑，Dcard有考古題可以查。 老師算是中醫界的鰲頭，上課會分享自己的經驗，可以記下來。 我覺得收穫最多的地方是知道什麼疾病可以用中醫治，什麼不行。大部分考完就忘了，建議對中藥有興趣的人再去修。
請生成論孟課程的正面心得並限制在211字內,論孟,正面,211,課堂上學到的儒家思想，有別於國高中時所學，不只是理解單篇文章的意思，而是會全面性地了解儒家思想，並延伸至現代社會，得以藉由了解古人的想法，反思自己的生命與生活。 此外，老師會分享許多自己的想法與價值觀，雖然我並不全然認同，但我認為都是很有意思的看法，像是老師認為人性價值應優先於一切，包括家國情懷，若愛國家，應要反對任何泯滅人性的政權。 老師的政治立場是反共，宗教上信奉佛教，所以課堂上會提到兩者，不同立場的人要迴避一下。
請生成橄欖球與健康體能課程的正面心得並限制在169字內,橄欖球與健康體能,正面,169,這堂課超涼，去就是練習一些基本動作，像傳球之類的，後半堂是小遊戲，就是類似簡易的橄欖球比賽，因為大家都還是初學者，老師會耐心從最基礎的動作規則來說。另外，不用擔心會受傷碰撞，這堂課是沒有讓我們學習碰撞那些的，純粹利用傳球來完成比賽。有時候會去視聽教室看比賽，天氣差會改到視聽教室上課，每堂課點名，感覺有可能是評分依據？這堂課基本沒有考試。
請生成工程概論課程的正面心得並限制在83字內,工程概論,正面,83,有兩次考試，期中期末考各站學期成績50%， 可以問問學長姐朋友有沒有考古，考前也會洩題，會考類似的不過需要花一些時間準備。 原則上不會點名，大部分是教化工跟土木方面的
請生成設計思考與機器學習遇見防疫素人課程的負面心得並限制在100字內,設計思考與機器學習遇見防疫素人,負面,100,會有數字聯想，故事聯想，海報發想關於機場防疫和程式的相關性與應用，如果上過這兩個老師的課而且融通也有了的話不推這堂課，每次內容都一樣挺無聊的，如果為了融通這堂課算蠻輕鬆的，雙拿融通學分，作業隨便寫就好
請生成創意程式應用課程的正面心得並限制在89字內,創意程式應用,正面,89,這堂課loading 不大，老師都把主要的程式碼寫好了，只需要進去改參數，調整配置就好，課程中會交一些小作業，最後的期末專題就是把中間作業內容自己組合到車子上並且正常展示就可以了
請生成作業系統課程的正面心得並限制在93字內,作業系統,正面,93,老師上課會越上越快，一直跳PPT，很常跟不上，考三次，題目都跟考古題差不多，大概就是東拼西湊又出成一份考卷，內容都是名詞解釋和一些講義裡他會說必考的地方，但滿分都超過100，所以還算好過
請生成影像處理、電腦視覺及深度學習概論課程的正面心得並限制在88字內,影像處理、電腦視覺及深度學習概論,正面,88,如果要用自己的電腦跑DL，顯卡要夠好，不然就要用colab或跟助教借實驗室電腦，整體作業難度適中，大約一周可以寫完，上網查資料都還算多，老師的PPT很亂，所以上課很難集中精神聽
請生成固態物理課程的正面心得並限制在87字內,固態物理,正面,87,老師上課講得算清楚，但前期會有點抽象，每個章節後面會有練習題，考試都有可能出現，每堂課前半小時老師也會複習上次的內容，如果要往這方面發展，這堂課還不錯，認真學可以學到基礎原理
請生成普通物理學課程的負面心得並限制在81字內,普通物理學,負面,81,因為分差機制被扣了很多分，如果要在這堂得高分的話需要每次都很用功，否則不同難度的考卷導致分數與前面差40分會被扣爆(血淋淋的例子)，抓作弊也很嚴格，大家好自為之。
請生成越南社會與文化課程的正面心得並限制在80字內,越南社會與文化,正面,80,蔣老師上課方式是用簡報來介紹越南文化，只是老師會要求學生買課本。我覺得上課不用太認真，因為考試都是從課本出，期中有選擇跟申論題，我覺得申論給分很甜，最後98過。
請生成藝術叩門課程的正面心得並限制在89字內,藝術叩門,正面,89,800字心得準時交，展覽心得也有交到一定數量分數都是很好看的!! 上課有時候會有不同講師演講，也可以做自己的事，老師不會管。 每堂課都刷卡點名，後來好像有抓代刷，很輕鬆的一堂課。
請生成材料機械性質學課程的正面心得並限制在81字內,材料機械性質學,正面,81,老師人很好，課程主要為瞭解不同材料在多樣負載時所產生變形、破壞及疲勞的力學行為， 成績計算是期中考和期末考各50趴，會給考古題，基本上考的一樣，需要刷分得很推薦。
請生成潛能開發-魅力學課程的正面心得並限制在82字內,潛能開發-魅力學,正面,82,這門課是英語授課！但是老師人很好，對英文不好的人可以用中文寫作業，而且報告亦可用中文講，只是簡報上還是要寫上英文。這門課會輕鬆過拉，基本作業出席都有顧好，一定會過。
請生成音樂欣賞課程的正面心得並限制在84字內,音樂欣賞,正面,84,老師上課會介紹許多作曲家、不同創作手法和樂派，老師會具體地讓我們知道，所以他都會撥放音樂給我們聽，不太會有艱深的樂理知識。期中期末考都是考上課都有上過的東西，有手寫題。
請生成文化觀光與社區行銷英文課程的正面心得並限制在128字內,文化觀光與社區行銷英文,正面,128,陳老師滿想與學生建立互動，但有時可能會尷尬。儘管如此，老師人很友善。或許是因為這是第一堂課，老師提供的資料有些雜亂，讓我難以捉摸到課程的主要重點。重要的概念似乎被略過了，結果我感到收穫不夠大。儘管如此，老師給的分數滿高，使這堂課成為一堂讓人感到愉快的課程。
請生成基礎學術溝通課程的正面心得並限制在98字內,基礎學術溝通,正面,98,上課老師會拿麥克風傳，回答簡單問題或念課文而已，期中是摘錄一篇課文文章並報告2分鐘，可以寫30字的稿，老師都會鼓勵每個學生，不會罵人，期末是兩人一組用對話討論一個議題，時間是6分鐘也可以帶30字稿
請生成聽力與摘記練習課程的正面心得並限制在90字內,聽力與摘記練習,正面,90,安純老師的英文課，又涼又甜的。而且安純上課會分享很多自己的有趣故事，學期初，會有自我介紹的口說考試，滿簡單沒有很難不用太緊張。課堂上會放一些詩集、新聞的影片給我們看，考試滿簡單的。
請生成基礎學術英文課程的正面心得並限制在89字內,基礎學術英文,正面,89,這堂課程我覺得滿涼的，有期中期末考，還有要背AWL單字，而且老師會用課本上課，要自己去買，老師會鼓勵大家開口，推推。老師人超好，和藹可親會給問問題，期中期末考分數會超過100分。
請生成大學國文-文學與文化課程的正面心得並限制在109字內,大學國文-文學與文化,正面,109,老師利用說故事的方式把她講義裡的文章分析給大家聽，期中期末會請你背1-2首詩，要默寫並賞析，其他題就是老師上課說故事中的一些申論題，分組報告一組大約10-15人，要報告一節課包含QA，不會太難而且老詩人很好會一直給回饋
請生成AI圖像識別及機器人實驗室導論課程的正面心得並限制在92字內,AI圖像識別及機器人實驗室導論,正面,92,課程中分3個部分，第一個是圖片辨識競賽，老師會和日本老師提供一個data set ，比誰的準確率高，第二個部分是jetbot競賽，用老師的方法優化，比看誰的速度快，期末做一個DL的專題
請生成生命科學概論課程的正面心得並限制在89字內,生命科學概論,正面,89,這堂課每次都會請不同的教授來講關於生物不同的主題，每次課堂結束都會有隨堂考。沒有很多題，有非選也有選擇，我自己覺得滿簡單的，因為上課教授都會講。上課有聽就有分。而且沒有期中期末。
請生成拍出跨域資訊應用首部曲--python課程的正面心得並限制在92字內,拍出跨域資訊應用首部曲--python,正面,92,這堂課的上課時間用兩個周末上課加上一個晚上報告專題，剛開始老師上的內容很基本步調也很慢，下一周開始就變得有點趕，而且作業也變得比較難了專題也有點麻煩，如果真的要說優點的話就是分數給很高
請生成應用統計課程的正面心得並限制在83字內,應用統計,正面,83,這堂通識滿硬的，但是不會當掉人，老師會叫大家買自己出的課本。上課滿輕鬆，老師不太會管太多，只要有寫老師出的四五次作業就好了，就不會被當。而且還有答案，所以滿簡單的。'
請生成無障礙智慧生活環境課程的正面心得並限制在91字內,無障礙智慧生活環境,正面,91,我認為這堂課十分有意義，老師會在課程剛開始會跟你介紹身心障礙者所面臨到的困境，接下來會跟大家參訪無障礙之家並介紹輔助器具。老師會再帶我們出去參觀古蹟，觀察哪裡地方不符合無障礙的地方。
請生成管理學課程的正面心得並限制在99字內,管理學,正面,99,老師上課不會管底下的人在做甚麼，所以大家幾乎都在做自己的事。 不知道是不是老師上完這學期的課就要退休了，課程其實蠻涼的，沒有任何的考試，只有期末的書面報告。 我自認沒有很認真寫報告，最後學期成績A。
請生成西方古典音樂課程的正面心得並限制在84字內,西方古典音樂,正面,84,上課會聽很多音樂，針對不同時期曲風做介紹，也有才藝表演的機會，可以加分。 老師不會管下面在幹嘛，不想聽也可以做自己的事情。 因為疫情變線上課所以沒有期末考，改成期末報告
請生成永續建築思潮課程的正面心得並限制在124字內,永續建築思潮,正面,124,進行碳足跡計算的實際行動，雖然沒有辦法達到精準，但我做的案例結果，再透過相似產品的結果來看很接近。 過程中學到很多建築的風格及永續的方法，看到很多有趣的案例，也知道了建築的設計是分成設計師與結構技師的方式合作完成。 去了兩次校外參訪+一次竹博覽會。
請生成言語的力量 — 一本筆記如何改變世界?課程的正面心得並限制在166字內,言語的力量 — 一本筆記如何改變世界?,正面,166,"第一堂課上課時我就被驚訝到，怎麼一堂課會有那麼多人想加簽 這堂課很chill, 老師主要是圍繞語言哲學家Austin 分析語言哲學的一本筆記展開。 老師很認真，上課不點名，課堂配分方式也沒有固定比率，不過有發言或回答問題會被記錄下來。對哲學沒興趣或是上課不發言的同學可能會上起來很吃力，老師說平均分會在84左右並且高低分差距會很明顯"
請生成微分方程(英文班)課程的正面心得並限制在89字內,微分方程(英文班),正面,89,我那時候是直接去老師加簽，老師人很好，因為我也沒去上過幾次課，所以我也不知道老師到底上的怎麼樣，不需要交作業，然後考試也偏簡單，都是考蠻基礎的東西，只要有讀就可以得到蠻好的分數。
請生成訊號與系統課程的正面心得並限制在80字內,訊號與系統,正面,80,老師上課清楚，步調慢，後面會越上越順，不過蠻多要背的公式，但如果理解背後的原理，實際上也不會很複雜。小考就把投影片讀熟，期中期末寫熟考古題，基本上分數不會太差。
請生成霸權興衰史：從十五世紀至當代課程的正面心得並限制在81字內,霸權興衰史：從十五世紀至當代,正面,81,上大學後，我很少接觸歷史相關的內容，因此這堂課對我來說是一個寶貴的複習機會。這門課不僅讓我重新回顧了國高中時期學過的歷史知識，還幫助我深入了解歐美各國的興衰歷程。
請生成護理管理與行政概論課程的負面心得並限制在126字內,護理管理與行政概論,負面,126,一樣很無聊，為了考試必須看懂還是要了解一下每個理論的意思跟一些專有名詞的內涵。把課本裡的題目做一做應該就會及格。想特別提一件事，這堂課的指定參考書護理行政（新文京）第九版錯誤百出，多到我受不了藉由老師的管道跟書商反應，雖然第十版好像也沒改善多少就是了。
請生成護理專業問題研討課程的負面心得並限制在195字內,護理專業問題研討,負面,195,這堂課主要探討幾個護理專業的延伸問題（如：長期照護問題、專科護理師制度、智慧科技照護等等），簡單來說真的就是不知所云的爛課，每個主題講的都很淺，用膝蓋想就知道的東西到底誰想聽。期末報告格式也是很模糊，整學期根本沒放多少心思在這堂課上，每次線上討論都模糊帶過，連出席率都很低又不點名，配分跟主題什麼的真的都參考用。這堂課結束後唯一學到的新東西就是：原來世界上真的有一堂課會讓人完全學不到東西。
請生成數據科學概論課程的正面心得並限制在119字內,數據科學概論,正面,119,這堂課真的打開我的新世界了，以前在交大的每一堂課都修到累個半死，一堆作業、報告、程式要寫，這堂課刷新我的三觀。助教人也很好，作業給分就算用 ChatGPT 完成也給我 87、88等分數。如果你願意每週多花半小時寫作業，我相信 A+ 很穩。
請生成自動控制系統課程的正面心得並限制在124字內,自動控制系統,正面,124,"學到很多控制相關知識，對設計電路有幫助，尤其是在feedback,stability方面，會讓設計電路時比較有概念，而不是亂調整參數，個人覺得收獲良多，而且老師很樂意回答問題，私下可以去找他問問題，釐清觀念，是屬於教得好、又有趣，也對學生很好的教授"
請生成超大型積體電路導論課程的正面心得並限制在87字內,超大型積體電路導論,正面,87,教授的講課方式我不太習慣，而且感覺蠻多都講得模糊不清，需要自己看課本才能看懂，建議有修課夥伴一起修，不過分數蠻甜的，我記得教授的算分方式好像是開根號乘10，期中期末沒有到太難
請生成電腦網路導論課程的正面心得並限制在98字內,電腦網路導論,正面,98,學到了很多關於網路的知識，可以知道網路掛掉的時候可是哪裡出問題。而搭配的週五實驗課可以讓你更了解老師上課在講什麼，會更幫助你了解網路的運作。老師在下學期有開這堂課的後續「無線網路導論」也一樣推推。
請生成統計學(二)課程的正面心得並限制在85字內,統計學(二),正面,85,在統計學課程中，我學到了數據收集、分析和解釋的基礎概念。掌握了平均值、標準差等重要統計指標，並學會了使用圖表來視覺化數據。統計推論和檢定讓我明白如何從樣本中推斷整體特徵。
請生成霸權興衰史:從十五世紀至當代課程的正面心得並限制在88字內,霸權興衰史:從十五世紀至當代,正面,88,老師講解歷史大多從政經局勢入手，在特定有研究的部分會講得很詳細，上課其實有專心聽其實會聽得很多有趣的觀點，可以產生從不同的角度來觀察同一事件的體悟，推薦給想訓練自己多方思考的人
請生成正規語言概論課程的正面心得並限制在82字內,正規語言概論,正面,82,學到非常多電腦的基本原理跟知識，推薦想要網資工深度原理研究的人來修，修完會對編譯器還有各式計算理論有深入的了解，希望各位趕快來修這門課，而且老師人很好，分數給蠻高的
請生成膳食與生活課程的正面心得並限制在126字內,膳食與生活,正面,126,想減肥、健身、需要飲控的、對營養學有興趣的人必修，上課內容不會是太難的營養學知識，但都對生活很有用，比如維生素、礦物質、食品添加物等等，最後幾週還會教如何幫自己設計菜單。期末前抄筆記會有點辛苦，但認真上課真的可以學到很多東西，而且期末考好的話分數很甜！
請生成固態電子元件課程的負面心得並限制在81字內,固態電子元件,負面,81,老師一開始就會說這不是一門涼課，請做好心理準備再來。確實經過一學期的苦撐，得到的結論跟老師說的一樣，而且老師學期成績送出前不會先給學生看，會偷偷送出去......
請生成職場倫理課程的正面心得並限制在91字內,職場倫理,正面,91,恩就很輕鬆地去上課去做自己的事 偶爾聽聽老師分享他的職場趣事 聽聽其他人的報告 做甚麼是只要不要打擾到上課秩序老師都不會怎樣 真心推薦給想輕鬆拿學分的人 你給老師尊重 老師也讓你好過
請生成資訊安全課程的正面心得並限制在80字內,資訊安全,正面,80,課程很涼，會及格，但是給分並不會很高，一定要買課本，期中考以及期末考的題目都是從課本章節後面的習題出的，考試前一週老師會告訴大家可能會考的部分以及習題有哪一些。
請生成產業分析課程的正面心得並限制在87字內,產業分析,正面,87,很涼的課，幾乎不用到教室，我一學期可能去不到10次，要點名會提前一個禮拜說，只要有認識的在教室，也有可能可以幫忙帶點名，也都不會當人，會給補救機會，補救方式會叫學生自行發想。
請生成網際網路工程課程的正面心得並限制在84字內,網際網路工程,正面,84,學到蠻多網路基礎知識，老師好像蠻有料，可以滔滔不絕一直講，考試都是問答偏難且有三次，刷刷考古可以拿個30、40分，期末需報告30分鐘論文，我覺得不算涼，想混學分不推薦。
請生成時間學課程的正面心得並限制在99字內,時間學,正面,99,講解時間的演變、由來、如何分配時間...一些生活上的時間。 有課堂作業但都非常簡單，主要是簡答題，題目都跟生活有關係或是google也查得到，只有期末分組報告，可以自訂想報告的主題。 整體蠻輕鬆的。
請生成膳食與生活課程的正面心得並限制在108字內,膳食與生活,正面,108,很涼很舒服，配合老師的課去做加分，只要她說的你有回他基本上分數不會低，給老師回饋老師會很開心，不是一個嚴格的老師，他會希望學生有在聽他的課，如果沒有他會提醒，不要戴耳機就好，認真上課可以學到很多，不是一個沒東西的課。
請生成自動化系統導論課程的正面心得並限制在108字內,自動化系統導論,正面,108,透過上這堂課，有arduino基礎但很久沒碰的，可以簡單複習一下，沒有碰過的很適合選來練習入門，老師上課方式算手把手一步步教學，也很適合跟同實驗室的同學同組培養默契，老師給的分數也不錯，整體而言算碩一不錯的入門課程。
請生成程序控制課程的正面心得並限制在91字內,程序控制,正面,91,本課程內容包括基本控制之觀念、程序動態之應答分析，控制閥、控制器之介紹與概念，閉環路控制系統之分析，控制器之調諧，頻率應答之分析及常見之進階控制系統之介紹，對程序控制有進一步的認識。
請生成人工智慧跨域商情預測之應用課程的正面心得並限制在98字內,人工智慧跨域商情預測之應用,正面,98,內容涵蓋機器學習與深度學習(線性迴歸、決策樹、隨機森林、SVM、Kmeans、KNN、NN等)，不過相較於資工系那種強調數學、統計等背後原理，這門課著重在運用模型的情境以及方式，因此難度不算太高。
請生成統計與生活課程的正面心得並限制在111字內,統計與生活,正面,111,老實說可以比這門課輕鬆拿高分的課多的是，除了缺自然向度博雅學分、搶不到課等情況，若是沒有特別有興趣不建議修。 反過來說，上課內容卻是不會提過難的統計，因此若是工科等學生對於統計有興趣、願意花時間修習，應該還是能拿不錯的成績
請生成程式設計與實習課程的正面心得並限制在85字內,程式設計與實習,正面,85,程式設計真的不是單純上課就會了，老師的作業讓我能夠在課外也抱持著練習的習慣，這不是一門涼課，但你只要用心不擺爛一定是穩過的，也能夠從中學習很多知識，培養自己的程式設計實力
請生成化學實習課程的正面心得並限制在87字內,化學實習,正面,87,高中時期很少做實驗，但到大學每個禮拜一定會做一個實驗，實驗衣護目鏡每堂課上課都要用到，實驗都不難看著步驟做就好，結報由時候要整理結果(圖表)就會花比較多時間，但整體是輕鬆的課
請生成數位系統課程的正面心得並限制在90字內,數位系統,正面,90,看到劉俊麟選就對了 英文授課不用怕 上課不用去(自己斟酌 點名機率很低)自己回去看課本 期中期末都是作業改數字 考試改很鬆 真的不會可以去系辦問她 會調分 最高99 電機少數的佛祖
請生成創新思考課程的負面心得並限制在80字內,創新思考,負面,80,學不到東西，老師人很活潑，每次都會帶不同領帶，阿反正就是涼課，也沒什麼好講的，但就是上課真的滿無聊的，基本上就是去發呆，他講的東西都很沒用，不用聽也沒差，就這樣
請生成國際觀培養:越南文化與語言(一)課程的正面心得並限制在80字內,國際觀培養:越南文化與語言(一),正面,80,學到了一些簡單的越南語、了解越南的節日、越南的特殊習俗與文化。老師人非常nice，課程非常輕鬆有趣，還幫我們訂越南餐廳的料理、寫越南春聯、做水果茶給同學們品嚐。
請生成材料熱力學課程的正面心得並限制在87字內,材料熱力學,正面,87,老師教得很好，認真上課會學到很多，但期中考跟上課的關聯其實還好，認真刷題會比認真上課好，建議多看課本自己學，上課比較是聽觀念，期末才比較可能考觀念，都開書考，但考前一定要刷題
請生成倫理學概論課程的正面心得並限制在83字內,倫理學概論,正面,83,這是一門上課可以做自己的事（例如：吃早餐、睡覺、滑手機等），但不可以聊天講話，會被老師請出去。考試的題目就是每週的上課重點，會在當週進行解題。是一門需要投注時間的課。
請生成膳食與生活課程的正面心得並限制在102字內,膳食與生活,正面,102,我覺得這堂課有點辛苦，因為要抄筆記，而且上課絕對不能玩手機和遲到，考試雖然只有期末考，但內容可能是我們以前沒學過的東西，所以相對的就要努力一點，如果認真聽課真的能學到東西，整體來說其實還是蠻推薦這門課的。
請生成組織行為課程的正面心得並限制在102字內,組織行為,正面,102,這堂課不算涼，但很有趣，課程內容也很豐富，期中期末都有報告和考試，考試可以open book，所以不會到太難，報告可能比較複雜一點，但是製作過程中可以學到很多東西，而且老師人也很好，我還蠻推薦的，可以選!
請生成人際關係與溝通課程的正面心得並限制在106字內,人際關係與溝通,正面,106,我覺得老師人超好，課程也超涼，整學期沒有考試也沒有報告，只要期中和期末各寫300字的心得就可以了，而且老師上課會一直放「誰是接班人」這個節目，沒有看也沒關係，可以做自己的事，也會提早下課，總之真的超涼，一定要選！
請生成創業之品牌管理與行銷課程的正面心得並限制在80字內,創業之品牌管理與行銷,正面,80,我覺得很簡單，可以認識到新朋友，也是很適合拿來拉分數的課程，每堂課後zuvio考試因為可以看PPT所以我幾乎每個考試都滿分，加上最後期末報告要拿到90以上很容易
請生成化學實習課程的正面心得並限制在83字內,化學實習,正面,83,這學期的化學實習中可以訓練到手作能力，而且基本上都會提早下課，可以趕快去吃飯或是休息，不會有太大的壓力，除了寫報告比較麻煩以外，但是有正常的組員的話，應該也還算輕鬆。
請生成數位邏輯設計課程的正面心得並限制在98字內,數位邏輯設計,正面,98,學數位邏輯能學到一堆新東西，不過你可要有超強的毅力，雖然學到一半有點會嚴重想睡。但其實能學到滿多東西的。作業方面還算好應付。而且老師點名或者作業，都不是太認真看，分數也都會稍微調整。基本上都能過。
請生成地質學(二)課程的正面心得並限制在93字內,地質學(二),正面,93,除了一般的上課以外，還會需要出去畫地質圖或是可能要到外面參觀，和以前的校外教學差不多的概念，考試的申論題要寫蠻多東西的，要記得東西蠻多的，但是老師人不錯，不要太誇張的話應該都盡量不當人。
請生成勞作教育課程的正面心得並限制在82字內,勞作教育,正面,82,可以讓我們打掃校園以及周邊環境，讓大家有一個乾淨且舒適的生活空間，雖然挺麻煩的，但是因為是必修所以也只能好好做，只是通常也不會造成很大的困擾，打掃也不會真的太麻煩。
請生成大學入門與工程倫理課程的正面心得並限制在81字內,大學入門與工程倫理,正面,81,大學入門與工程倫理這堂課中老師不會給太多的壓力，課堂上的事情可以當個故事聽一聽，如果真的很不想聽或是很忙只要不要太誇張，老師應該也不會說什麼，算是很輕鬆的一堂課。
請生成會計學課程的正面心得並限制在99字內,會計學,正面,99,我覺得老師不太會教，只是照著PPT唸，大部分都要回家自己讀，但考試題目老師考前都會複習，告訴我們重點，考試的時候也可以open book，所以不用太擔心，只要有讀過平常上課的內容，基本上都不會太難。
請生成生命科學概論課程的正面心得並限制在81字內,生命科學概論,正面,81,期中期末都是線上考試，考前會有題庫，考試如果不要太誇張，應該分數都會蠻高的，點名會點10次，算是給分蠻甜，事情也是不多，蠻輕鬆的一堂課，點名有到考試有認真考就好。
請生成體育課程的正面心得並限制在81字內,體育,正面,81,可以開心的和朋友一起運動，如果不想運動老師應該也不會為難你，不要太誇張就好，老師人真的很好，不會打也沒有關係，考試也都不會太難，應該都可以爽爽過，很快樂的體育課。
請生成全民國防教育課程的正面心得並限制在83字內,全民國防教育,正面,83,課堂上除了教國防以外，還需要上台報告，但是基本上還滿輕鬆的，只要不要太誇張，偶爾做一些自己的事，也應該不會怎麼樣，整體來說也不用看什麼，有做報告不要都不來應該都會過。
請生成民法總則課程的正面心得並限制在83字內,民法總則,正面,83,讓我對民法有更深入的了解，透過課堂上的討論，也能讓大家有不同的見解，而且老師很有教學熱情，人也很好，最後給分出來的成績也不低，只要討論都有參與，應該不會有什麼大問題。
請生成管理數學課程的負面心得並限制在87字內,管理數學,負面,87,我覺得這老師完全不會教，上課認真聽都不見得會聽的懂，只能回家自己學，導致很多人退選，但最後老師有給選幾個比較高的分數當作期中期末，如果有堅持到最後就賺到了，整體來說不太推薦。
請生成學習評量課程的正面心得並限制在103字內,學習評量,正面,103,這堂課給予了自己工具，並告訴自己那些題目是好的題目及壞的題目，在往後才不會初一些讓學生覺得很困擾的題目。並且告訴自己其實評量方式不只一種。另外在這堂課，需要花一點心思，否則小考會考不好，所以回去一定要讀書。
請生成大學入門課程的正面心得並限制在92字內,大學入門,正面,92,我覺得人非常好，也因為是我們的班導，所以上課會和我們聊天，壓力就沒那麼大，而老師有幾週也會請業師來演講，作業的話都是個人的，就做老師指定要的主題就可以了，整理來說，我超推薦我們班導的!
請生成教育哲學課程的正面心得並限制在102字內,教育哲學,正面,102,哲學本來就是一門比較抽象的課程，所以每個時代下的主義也都不一樣必須搞清楚那些主義的代表人物及價值等等，這部分是比較困難的。所以到後面老師請我們PPT報告這樣也比較不無聊，並且也會對自己的主義印象較為深刻。
請生成微積分課程的正面心得並限制在85字內,微積分,正面,85,老師的計分都是公開的，有很多加分的機會，如果怕被當掉的話加分得東西可以多做一點，或是回答問題都有加分，而且平常分數是沒有上限的，除非他不開心了，所以基本上多做點就不會被當
請生成環境工程課程的正面心得並限制在85字內,環境工程,正面,85,這趟課程是必修課程，老師不按常理出牌，很多課外補充可能才是考試重點，所以也要好好讀書跟好好上課，否則一定會被當。如果考到全班後面幾名老師沒辦法救，也會當，所以要自己好好讀
請生成民法物權篇課程的正面心得並限制在80字內,民法物權篇,正面,80,這堂課除了聽老師上課以外還需要和同學討論，最後一堂還需要上台報告，老師上課也很用心，很有教學熱忱，認真學可以學到很多東西以外，只要不隨便給的分數應該也都挺高的。
請生成地質學(一)課程的正面心得並限制在81字內,地質學(一),正面,81,學到蠻多地質相關的知識，也可以辨識礦物及岩石，如果要拿高分要背蠻多東西，算是加深的高中地科，加上岩石及礦物，整體來說老師人還不錯，不要考得太爛的話老師不會為難你。
請生成創業與財務概論課程的正面心得並限制在84字內,創業與財務概論,正面,84,講解了很多財務管理相關的知識，像是投資股票及其中的各種專業術語......，如果認真聽應該可以學到蠻多東西，還有創業集資的方式，老師人也很棒，有什麼問題也都可以問老師。
請生成經濟學概論課程的正面心得並限制在81字內,經濟學概論,正面,81,講解經濟學相關知識，有時候會和時事連結，然後請同學上台報告時事，並且用經濟學的角度分析一下，然後再由老師進行講解，有期末期中還有分組報告，一學期大概只會點一次名。
請生成歌劇欣賞課程的正面心得並限制在81字內,歌劇欣賞,正面,81,對音樂有興趣的可以好好聽，沒興趣的睡覺做自己的事也沒差，基本上很自由只要有上台報告有交紙本報告就好了，如果會樂器的應該更輕鬆，不用花太多的心思就可以過的一堂課程。
請生成環境規劃與管理課程的負面心得並限制在86字內,環境規劃與管理,負面,86,早八起床真的超痛苦的，所以都會第二節課到，但是老師幾乎都會點名，所以又不得不去。課堂上可以當故事聽，考前要記得看老師給的Ppt，跟作業都要認真做，考試才不至於不知道考什麼。
請生成藝術概論課程的正面心得並限制在100字內,藝術概論,正面,100,我覺得老師真的人超好，考試也很輕鬆，基本上老師會給每一章的PPT，考試就是考裡面的內容，是用google表單考試，個人認為是北科必選通識之一，但是課每次都很多人選所以很難搶，整體來說，非常推薦這門課。
請生成創新與創業課程的正面心得並限制在92字內,創新與創業,正面,92,第一堂課會進行分組，老師希望盡量不要和同系的同學在一組。將小組比擬成一個新創團隊，每堂課都會需要分組討論，會有一個回顧報告，期中報告（期末報告概述），期末報告。好的組員真的可以帶你飛！
請生成土壤力學課程的正面心得並限制在136字內,土壤力學,正面,136,土壤力學有夠實際，但也夠複雜。老師是專業的，但他有時候解釋的時候我還在想土壤到底在搞什麼鬼。課程裡滿滿的公式和地下水的那些流量問題，有時候真的搞得我有種學不完的感覺。不過，上實驗課和實地調查倒是滿有趣的，讓我們能真的看到土壤的行為。總的來說，雖然難，但學到不少實用的東西。
請生成工程數學(二)課程的負面心得並限制在125字內,工程數學(二),負面,125,工程數學的上課實在有夠沉悶。老師愛在黑板上畫一堆符號，然後還快速講解，真的跟不上。這門課光看公式感覺頭都要炸了，實際應用的例子太少。希望老師能用更生動有趣的方式教學，或者多點實際案例，這樣學生可能會容易入門一點。光靠數學理論看不懂，真的得花不少心思。
請生成國際關係課程的正面心得並限制在349字內,國際關係,正面,349,擴展了全球視野：國際關係課程使我更關注全球事務，了解國際政治、經濟、社會和文化的相互關聯。我學會了更加全面地看待世界，不僅限於國內視角。 深入了解國際政治：我了解了國際政治中的各種理論、國際組織和國際合作的機制。這使我能夠更好地理解國際衝突和合作的背後原因，以及各國政府的政策選擇。 增進了跨文化理解：在國際關係課程中，我與來自不同國家和文化背景的同學互動，這促進了跨文化交流和理解。我學到了尊重不同觀點和文化的重要性。 強化了研究和分析技能：國際關係課程要求深入研究和分析各種複雜問題。我提高了分析和研究的技能，包括查找和評估信息的能力。 認識到全球性挑戰：通過學習國際關係，我認識到全球性挑戰，如氣候變化、全球衛生問題和國際恐怖主義等，對全人類都具有重要影響。這使我更關注解決這些問題的必要性。
請生成資訊數學(一)課程的正面心得並限制在82字內,資訊數學(一),正面,82,從學習、對於老師的看法，兩個層面分享: 學習上，第一次體驗用Excel學數學，感覺對數學的成就感提高了許多。 對於老師，老師上課方式幽默風趣，也能學到很多數學知識。
請生成影視文化的情感議題(永續與在地)課程的正面心得並限制在82字內,影視文化的情感議題(永續與在地),正面,82,老師很佛心，平時課堂分成家庭、校園、性別、愛情、職場場域介紹， 老師會用自身經歷來告訴我們，在生活中如何排解在這五大區塊所遇到的困難， 覺得這門課值得修!!!!!!
請生成敦煌學課程的正面心得並限制在89字內,敦煌學,正面,89,看CCTV後寫心得，上課時會說敦煌的故事，期末報告會做關於敦煌的PPT，老師有點難搞，但是個對敦煌很熟悉的人，會說他去敦煌時的故事，好不好過看個人，我覺得還行，報告要做得很認真。
請生成初級網球課程的正面心得並限制在89字內,初級網球,正面,89,學到如何讓運動減肥這件事不再困難不近人情 ，也不用為了運動讓自己感到有很大的壓力，是一堂非常輕鬆的課程，也能交到很多新朋友，對於業務性質工作的我有非常大的幫助，希望能認識更多的人
請生成敦煌學課程的正面心得並限制在192字內,敦煌學,正面,192,老師會要求修課學生觀看YouTube 上的影片《CCTV敦煌》全十集，每一集至少寫一千字的摘要和心得，基本上全10集看下來，基礎都會十分紮實。 上課的方式是老師以PPT呈現，會帶我們觀察敦煌壁畫的美學和壁畫傳達的故事及理念。 《CCTV敦煌》十集和上課PPT就是期末考試內容，會有加分題，加分題很好發揮。 註：16+2的創新教學，老師帶我們去佛光山看敦煌展，有去的話這門課就保底會過。
請生成社會公義與倫理(永續與在地)課程的正面心得並限制在125字內,社會公義與倫理(永續與在地),正面,125,老師人還蠻好的但因爲之前學生太奇葩所以禁止玻璃心選課。 每次上課前都要看當週的社會新聞（老師上課會問）舉手加分拿石頭（石頭算是課堂討論成績）期末結算石頭數量。 分組組員要慎選，因爲期末報告不輕鬆。 座位坐最後兩個有點會被點回答問題，坐中間排數最安全。
請生成企業教育導論課程的正面心得並限制在103字內,企業教育導論,正面,103,學到企業管理的基本理念，初步培養商業的規劃思維，並初步體驗企業在商業環境中的角色與功能，因為有了實地去探訪公司，所以更加映象深刻。也學了一些金融市場的基本金融/投資原則、市場效率、貨幣銀行、估值和投資基礎。
請生成故事行銷與攝影(跨域與設計)課程的正面心得並限制在82字內,故事行銷與攝影(跨域與設計),正面,82,一開始怕是遇到魔王課程與老師，第一堂課老師講的很可怕，聽到有個人作業及期中期末報告就覺得很嚇人，但實際上過後其實挺有趣的，老師也人蠻好的，沒有想像的可怕，也很輕鬆。
請生成飲食大觀園(科技與服務)課程的正面心得並限制在92字內,飲食大觀園(科技與服務),正面,92,老師真的人不錯，上課也蠻輕鬆的，第一堂課會先測量體位，量腰圍、體重⋯等，最後幾堂還會再做一次測量體位，期中期末考，考前有讀就會寫，不會太難，老師給分也很甜！下課前會有小測驗，當作點名。
請生成基本邏輯與批判思維課程的正面心得並限制在100字內,基本邏輯與批判思維,正面,100,這堂課真的很難，而且老師又很硬，但會學到一些平時生活中或是其他課學不到的東西。老師怕我們期末考試過不了，給我們一人100題的作業，在期末要寫完跟他改+訂正，沒有完成的要另外約時間去寫，老師真的很認真！
請生成心理學課程的正面心得並限制在80字內,心理學,正面,80,心理學課本教材裡的乾貨之外，也運用活動及作業來引導學生探討自我，增加自我認知，ㄧ也要求於小組作業裡學習團隊合作與人際交流磨合，並且在評分上很公正，老師人超好的！
請生成社會工作概論(一)課程的正面心得並限制在82字內,社會工作概論(一),正面,82,知道了很多實際生活中會發生的個案，有範例也就等於會去思考如果自己是社工的話會如何解決，以什麼方向去幫助個案，老師的經驗非常豐富，我認為這些經驗是比起課本更寶貴的知識
請生成群論之應用課程的正面心得並限制在96字內,群論之應用,正面,96,群論是無機的一部分，大三無機前面也會講到群論，但老師會認為所有人都上過了，所以也不會說的很清楚，建議要上，會很有幫助，之後上無機才不會不知道老師再上什麼，老師上的都是基礎，上課認真聽一定都會。
請生成藥物學課程的正面心得並限制在106字內,藥物學,正面,106,課程內容算是蠻豐富的，所教的知識也會用得到，個人覺得最喜歡的內容是藥品如何進行回收，以前從來沒有聽過，老師人也非常好，但考試抓得很嚴，考試前老師會跟大家說問答題會考得題目，不會很難，算是非常輕鬆拿高分的選修課程。
請生成化妝品與生活課程的正面心得並限制在91字內,化妝品與生活,正面,91,學習化妝品的生產原理，掌握各類化妝品的劑型和生產方法.對於化學系的我也有所幫助，可能有機會製作化妝品或是販售化妝品，都必須對化妝品的生產原理有所理解，讓自己知識增加，感謝老師認真教學
請生成飲食與健康課程的正面心得並限制在113字內,飲食與健康,正面,113,現代人因飲食或不運動導致肥胖且有三高風險的問題產生，而本課程學習到如何均衡飲食，讓我在未來可以控制體態，我從課程理解吃越清淡但也要維持營養的道理，任呵五品可以攝取，但都要適量，才能任身體可以負荷及平衡，我會繼續維持健康養身之道
請生成永續家園「台中都」課程的正面心得並限制在89字內,永續家園「台中都」,正面,89,好像也沒有學習到什麼，課程內容非常無聊，幾乎每次去都很想睡覺，老師都在下課前才進行點名，全部成績都是靠分組作業，所以遇到神隊友帶你上天堂，要拼系排的可以選這一堂通識課，給分很甜。
請生成人與社會的建構課程的正面心得並限制在223字內,人與社會的建構,正面,223,"老師用「馬克思」、「涂爾幹」、「韋伯」之觀點，作為本核心主軸課程的共同課綱，馬克思特別著重在階級與階層、經濟與工作、權力與政治的關聯性，涂爾幹的前提下，討論文化、宗教、偏差與犯罪等議題，韋伯的脈絡下，則討論了文化、組織、階級與階層、權力與政治等主題，用社會學的觀點來探討人與社會，使比較客觀，讓身為學生的我們也都能接受及深入討論，包容並理解多元文化差異、體察全球脈動與國際趨勢，並帶領我理解人與社會建構的互動與價值,並認識全球化的各項議題及發展。"
請生成旅運經營學課程的正面心得並限制在82字內,旅運經營學,正面,82,老師人很好，上課都會先分享時事新聞大概15分鐘給大家緩衝時間，才會開始點名，老師有時候上課會講一些很冷的笑話，出席率高分數才會高，給分也都算甜，基本上人常去就會過了
請生成台灣與國際社會課程的正面心得並限制在96字內,台灣與國際社會,正面,96,從這次課程讓我了解台灣地位，台灣的國際處境與邦交現況，我們也需要知道並掌握國際政治、社會發展趨勢做這些知識教育，也是希望往後日子可以連結台灣與全球公民社會，讓台灣走出國際，也是此課程的宗旨意義
請生成生活與法律--刑事篇課程的正面心得並限制在105字內,生活與法律--刑事篇,正面,105,我本身對法律就充滿求知慾，老師喜歡從社會生活之實際案例中出發，解析法律與生活間密不可分之聯動關係，進而培養與課學生法治觀念，及依法解決問題之能力。老師每個案子的剖析，讓我更透徹法律的規範及法律如何教育社會所有人
請生成智慧財產權概論課程的正面心得並限制在130字內,智慧財產權概論,正面,130,介紹智慧財產權相關法律，並搭配智慧財產局與法院尤其是智慧財產法院之實務見解，以了解智慧財產相關法律在適用上的重點，我從這邊學習到在日常生活中如何保障自身智慧財產權以及避免侵權，這也是在此堂課得到最大的收穫，法律只保護懂法律的人，希望我們不要跟社會範例中再次犯錯
請生成文學作品選讀(一)課程的正面心得並限制在143字內,文學作品選讀(一),正面,143,老師雖然身體不便，但是老師很認真的把自己的文學知識傳授給我們，讓我們在學習的過程中能夠更加進步，也讓我們愛上文學，讓文學不再只是單調乏味，而是有趣的故事。通過這門課程，我不僅擴展了自己的文學視野，提升了閱讀和寫作能力，更重要的是，我對文學的熱愛和對人生的理解都有了更深層次的體驗和感悟。
請生成藝術經典與美學素養課程的正面心得並限制在97字內,藝術經典與美學素養,正面,97,我們在課堂上以電影「阿馬迪斯」引導時代風格的解析，也能對莫札特的音樂與社會關係之解讀；天才、庸才與時代關係。這次學習到什麼是藝術，藝術品的解讀，且藝術的功能是什麼，上完課更了解藝術對身心靈的連結
請生成樂在管理課程的正面心得並限制在90字內,樂在管理,正面,90,管理學仍普遍被大學生認為是管理學院的專業課程，是一種生硬、艱澀、高不可攀的象牙塔知識。因此，想要進一步提高管理學的應用範圍，必須將管理學變成各形各業、各階層人員所必須具備的基礎知識
請生成自然科學實驗特論課程的正面心得並限制在123字內,自然科學實驗特論,正面,123,這門課是研究所的課。由於對這門課有興趣，故鼓起勇氣去修了此門課。在這門課的修課過程中，我認識了很多適合小學生做的實驗，以及體驗了做實驗的過程。雖然在當中遇到了因實驗做不出來、報告不知道怎麼寫而感到挫折，但在完成實驗並寫完報告後，還是蠻有成就感的。
請生成嵌入式系統導論課程的正面心得並限制在128字內,嵌入式系統導論,正面,128,這門課程內容豐富且實用，不僅提升了我的程式設計能力，還加深了對嵌入式系統的理解。課堂氣氛輕鬆，考試難度適中，使學習變得更加有趣且具挑戰性。無論是對電機系學生還是其他相關科系的學生，這門課都是非常值得選修的，因為它不僅能夠鞏固專業知識，還能激發對科技的熱情。
請生成公民與生活課程的正面心得並限制在131字內,公民與生活,正面,131,很涼的爽課，老師人也超級好，期中期末的考試內容是老師平時的上課內容(但超級少，大概一篇小短文的量)，考試方式就是把那篇短文的某些地方挖空然後填上正確選項，辯論和生活經驗分享有開口就有分(而且很高)，講話結巴或最後辯論輸了都無所謂因為老師只是要訓練同學上台說話而已
請生成農業概論課程的正面心得並限制在81字內,農業概論,正面,81,主要是由農學院的老師分別介紹自己擅長的領域的知識，不會很難，老師人都很好，上課專心聽講就有基本分。但開在星期一早八，但老師不會點名，所以很考驗學生本身得自制能力。
請生成Linux系統管理實務課程的正面心得並限制在96字內,Linux系統管理實務,正面,96,學到不多，都用鳥哥的教材，想學linux的人直接看鳥哥的網站比較快。考試簡單，不會要你寫出指令，只有一些簡單的選擇和填空，如果不會寫，隨便猜一猜也會過。分數給很高，我們這屆沒當人，缺學分可修。
請生成測量學（I）課程的正面心得並限制在123字內,測量學（I）,正面,123,上課感覺講了一堆，但整學期下來好像也沒上到什麼，他的測量學實習比較能學到東西，想學測量學學理面的建議去補習班；實務面上他的實習課就夠了，勳哥人很好，有次我們一堆人晚上在學餐吃晚餐的時候遇到他，他請旁邊的學餐阿姨煎一盤荷包蛋請我們吃，周董真的超霸氣
請生成行銷管理課程的正面心得並限制在84字內,行銷管理,正面,84,我學到了很多關於行銷學的基本知識，所以我很感謝老師，但是考試的部分，我個人認為有點困難，所以絕對是要花費心力去讀的，不是考前稍微看一下就可以的，所以大家需要做好心理準備
請生成個體經濟學課程的正面心得並限制在83字內,個體經濟學,正面,83,我覺得老師人很好，但就是老師講話的語氣口音，要聽的非常清楚，因為老師本身講話可能不是那麼的清晰，所以需要很認真很努力的去聽才能完全聽懂老師想要表達的東西唷，我很喜歡！
請生成分子生物學課程的正面心得並限制在93字內,分子生物學,正面,93,當初我修這門課的時候，由於適逢疫情，我記得考試是線上考，老師準時提供題目，是否可以openbook有點忘記，考試內容上課完全有教過，且老師也會特別說明，雖然是堂必修課，但卻不會不容易過。
請生成天然活性物質課程的正面心得並限制在112字內,天然活性物質,正面,112,這門課有許多化學結構式要記，所以沒有想像中輕鬆，進益老師的部分相對好拿分，因為他考試的內容他上課時會特別註明，但要小心不要記到他上課說的故事，而立耿老師的部分比較難一些，且他上課有點催眠，相當考驗意志力，但努力還是可拿高分。
請生成生命科學專題研究 (Ⅱ)課程的正面心得並限制在90字內,生命科學專題研究 (Ⅱ),正面,90,主要就是進入實驗室學習，接續生命科學專題研究(I)的實驗題目，生產出更多結果，我認為這堂課真的要修，有進實驗室跟沒有進實驗室真的差太多了，建議各位未來打算念研究所的學弟妹一定要修。
請生成合奏課程的正面心得並限制在91字內,合奏,正面,91,這堂課因為老師比較隨和，大家就會有點不太認真，隨便應付的態度出現，音準就有點可怕了，管樂跟打擊比較沒有弦樂那麼累，弦樂從頭拉到尾，手應該很痠，但這堂課就是可以練到比較有名的一些曲子。
請生成細胞週期與監控課程的正面心得並限制在108字內,細胞週期與監控,正面,108,在理論知識的學習中，老師通過電腦幻燈片的方式加以圖片和視頻的輔助說明讓我們更加直觀的對細胞週期與監控的有更多的了解，並且對於細胞週期與監控的概念有了更加清晰的認識，由其是老師關於細胞週期與監控的講述非常細緻也很精彩。
請生成種苗學課程的正面心得並限制在80字內,種苗學,正面,80,老師並不會要求學生要來上課，他認為這是學生的本分因此不會管學生的出席狀況，但他會看出席狀況決定下次是否要小考，上課內容其實並不簡單需要認真聽講，老師用中文講解。
請生成病毒學課程的正面心得並限制在88字內,病毒學,正面,88,這堂課老師在教學的時候會告訴我們哪些會考，然後每節必點名！採簽到的方式，出席的佔比很重，跟教學大綱寫的不一樣～ 只是老師不會給PPT 所以至少還是要聽什麼會考，可以用手機拍照。
請生成企業資料通訊課程的正面心得並限制在96字內,企業資料通訊,正面,96,這堂課會不定時的有隨堂考，通常在一個單元教完後，占了總成績35%，因此一定要認真上課，並且按時交作業，不然期中期末考會很辛苦，除了觀念外，還有一些實際操作，需要用一些指令在終端機查看網路設定。
請生成酵素學課程的正面心得並限制在94字內,酵素學,正面,94,雖然教學大綱寫有小考，但實際上沒有，老師十分注重出席率，出席的比重可能還比考試高，不過是採簽到的方式點名，找人代簽也是可以，如果認認真真上課還是可以學到東西！但如果想混學分也是可以拿得到。
請生成基礎程式設計課程的正面心得並限制在87字內,基礎程式設計,正面,87,"第一次接觸到程式設計,雖然初次接觸難免有些難上手,但經過老師的講解及同學的幫助就會變得十分簡單,老師上課速度偏快,讓我們可以提早下課,留給我們更多時間練習,考試內容也不會太難"
請生成紙質文物保存與維護實習課程的正面心得並限制在93字內,紙質文物保存與維護實習,正面,93,這堂課需要與另一堂「紙質文物保存與維護」一同上課老師才會給分，因為會連續上課及連續實際操作製紙以及拓印等實操課程也有針對生物測驗的實驗也會做分配。也會到那邊的生物實驗室進行菌落的研究。'
請生成應用數學（III）課程的負面心得並限制在114字內,應用數學（III）,負面,114,這堂課是電物必修所以逃不過的一定要修，基本上只要是思和老師的課都不會調分，所以真的要靠自己努力才能過，然後教授有時候會讓人上去寫習題，這時候能上去寫就上去，因為會加分而且是直接加學期成績，所以你有可能會因為這個加分而被逃過一劫。
請生成線性代數與向量分析課程的正面心得並限制在96字內,線性代數與向量分析,正面,96,這堂課基本只要都有到都會過，而且分數不會太低，教授通常都給蠻高分的，但上課內容了話就見仁見智了，大部分人去了都是在做自己的事，因為基本上都不知道他在幹嘛，只能說他是一位好教授，但不太適合教學。
請生成物理史課程的正面心得並限制在87字內,物理史,正面,87,物理發展史在電物系應該算是好過的課程了，但說涼也沒多涼，硬也沒有說到很硬，上課不聽了也沒關係，但前提是你要借的到筆記，因為教授考試都是考他上課講過的東西，所以多少還是聽一下。
請生成資料庫管理課程的正面心得並限制在90字內,資料庫管理,正面,90,剛開始因為沒接觸過會覺得很困難，可是隨著老師的介紹以及作業的書寫，使自己對於資料庫有著更多的理解，並且在建立資料庫的過程也能讓我對於資料庫有實際的體驗。總體來說，是一堂非常棒的課。
請生成立體造形與媒材運用課程的正面心得並限制在81字內,立體造形與媒材運用,正面,81,很期待的染布課，非常有趣，胚布扎染成各種不同色、不同花紋的布，每一塊布都是獨一無二的。記得有一堂課大家還一起去撿大葉欖仁的葉子，雖然很荒謬但大家都還是撿得很開心！
請生成灌溉工程課程的正面心得並限制在91字內,灌溉工程,正面,91,學習到了水文學在灌溉工程上面的應用 有去到實體現場觀察實際的工作人員 也發現了其實考公務員不只是去中央， 還有許多其他的工作機會和選擇像是最近剛剛改組的農田水利署，裡面🈶很多學長姐
